"Key","Title",,,"en-us","en-au","en-ca","en-id","en-my","en-ph","en-sg","en-th","en-tt","en-vn","en-in","en-ie","en","en-gb","es-ar","es-bo","es-cl","es-co","es-cr","es-do","es-ec","es-gt","es-mx","es-pe","es-sv","es-us","es-uy","es-ve","es-es","zh-cn","zh-tw","ja-jp","ko-kr","id-id","th-th","vi-vn","de-de","de-at","de-ch","fr-fr","fr","fr-be","fr-ch","fr-ca","pt-pt","pt-br","nl-nl","nl-be","cs-cz","da-dk","fi-fi","it-it","no-no","pl-pl","sv-se","ru-ru","tr-tr","cn"
"Products","Products",,"Products","Y","Y","Y","Y","Y","Y","Y","Y","Y","Y","Y","Y","Y","Y","Y","Y","Y","Y","Y","Y","Y","Y","Y","Y","Y","Y","Y","Y","Y","Y","Y","Y","Y","Y","Y","Y","Y","Y","Y","Y","Y","Y","Y","Y","Y","Y","Y","Y","Y","Y","Y","Y","Y","Y","Y","Y","Y","Y"
"Accessories","Accessories",,"Accessories","Y","Y","Y","Y","Y","Y","Y","Y","Y","Y","Y","Y","Y","Y","Y","Y","Y","Y","Y","Y","Y","Y","Y","Y","Y","Y","Y","Y","Y","Y","Y","Y","Y","Y","Y","Y","Y","Y","Y","Y","Y","Y","Y","Y","Y","Y","Y","Y","Y","Y","Y","Y","Y","Y","Y","Y","Y","Y"
"Adapters","Adapters",,"Adapters","Y","Y","Y","Y","Y","Y","Y","Y","Y","Y","Y","Y","Y","Y","Y","Y","Y","Y","Y","Y","Y","Y","Y","Y","Y","Y","Y","Y","Y","Y","Y","Y","Y","Y","Y","Y","Y","Y","Y","Y","Y","Y","Y","Y","Y","Y","Y","Y","Y","Y","Y","Y","Y","Y","Y","Y","Y","Y"
"Automotive","Automotive",,"Automotive","Y","Y","Y","Y","Y","Y","Y","Y","Y","Y","Y","Y","Y","Y","Y","Y","Y","Y","Y","Y","Y","Y","Y","Y","Y","Y","Y","Y","Y","Y","Y","Y","Y","Y","Y","Y","Y","Y","Y","Y","Y","Y","Y","Y","Y","Y","Y","Y","Y","Y","Y","Y","Y","Y","Y","Y","Y","Y"
"Batteries","Batteries",,"Batteries","Y","Y","Y","Y","Y","Y","Y","Y","Y","Y","Y","Y","Y","Y","Y","Y","Y","Y","Y","Y","Y","Y","Y","Y","Y","Y","Y","Y","Y","Y","Y","Y","Y","Y","Y","Y","Y","Y","Y","Y","Y","Y","Y","Y","Y","Y","Y","Y","Y","Y","Y","Y","Y","Y","Y","Y","Y","Y"
"Cables","Cables",,"Cables","Y","Y","Y","Y","Y","Y","Y","Y","Y","Y","Y","Y","Y","Y","Y","Y","Y","Y","Y","Y","Y","Y","Y","Y","Y","Y","Y","Y","Y","Y","Y","Y","Y","Y","Y","Y","Y","Y","Y","Y","Y","Y","Y","Y","Y","Y","Y","Y","Y","Y","Y","Y","Y","Y","Y","Y","Y","Y"
"CarePlans","CarePlans",,"CarePlans","Y","Y","Y","Y","Y","Y","Y","Y","Y","Y","Y","Y","Y","Y","Y","Y","Y","Y","Y","Y","Y","Y","Y","Y","Y","Y","Y","Y","Y","Y","Y","Y","Y","Y","Y","Y","Y","Y","Y","Y","Y","Y","Y","Y","Y","Y","Y","Y","Y","Y","Y","Y","Y","Y","Y","Y","Y","Y"
"Cases","Cases",,"Cases","Y","Y","Y","Y","Y","Y","Y","Y","Y","Y","Y","Y","Y","Y","Y","Y","Y","Y","Y","Y","Y","Y","Y","Y","Y","Y","Y","Y","Y","Y","Y","Y","Y","Y","Y","Y","Y","Y","Y","Y","Y","Y","Y","Y","Y","Y","Y","Y","Y","Y","Y","Y","Y","Y","Y","Y","Y","Y"
"Chargers","Chargers",,"Chargers","Y","Y","Y","Y","Y","Y","Y","Y","Y","Y","Y","Y","Y","Y","Y","Y","Y","Y","Y","Y","Y","Y","Y","Y","Y","Y","Y","Y","Y","Y","Y","Y","Y","Y","Y","Y","Y","Y","Y","Y","Y","Y","Y","Y","Y","Y","Y","Y","Y","Y","Y","Y","Y","Y","Y","Y","Y","Y"
"Clips","Clips",,"Clips","Y","Y","Y","Y","Y","Y","Y","Y","Y","Y","Y","Y","Y","Y","Y","Y","Y","Y","Y","Y","Y","Y","Y","Y","Y","Y","Y","Y","Y","Y","Y","Y","Y","Y","Y","Y","Y","Y","Y","Y","Y","Y","Y","Y","Y","Y","Y","Y","Y","Y","Y","Y","Y","Y","Y","Y","Y","Y"
"Connectors","Connectors",,"Connectors","Y","Y","Y","Y","Y","Y","Y","Y","Y","Y","Y","Y","Y","Y","Y","Y","Y","Y","Y","Y","Y","Y","Y","Y","Y","Y","Y","Y","Y","Y","Y","Y","Y","Y","Y","Y","Y","Y","Y","Y","Y","Y","Y","Y","Y","Y","Y","Y","Y","Y","Y","Y","Y","Y","Y","Y","Y","Y"
"Current clamps","Current clamps",,"Current clamps","Y","Y","Y","Y","Y","Y","Y","Y","Y","Y","Y","Y","Y","Y","Y","Y","Y","Y","Y","Y","Y","Y","Y","Y","Y","Y","Y","Y","Y","Y","Y","Y","Y","Y","Y","Y","Y","Y","Y","Y","Y","Y","Y","Y","Y","Y","Y","Y","Y","Y","Y","Y","Y","Y","Y","Y","Y","Y"
"Current probes","Current probes",,"Current probes","Y","Y","Y","Y","Y","Y","Y","Y","Y","Y","Y","Y","Y","Y","Y","Y","Y","Y","Y","Y","Y","Y","Y","Y","Y","Y","Y","Y","Y","Y","Y","Y","Y","Y","Y","Y","Y","Y","Y","Y","Y","Y","Y","Y","Y","Y","Y","Y","Y","Y","Y","Y","Y","Y","Y","Y","Y","Y"
"Fiber optics","Fiber optics",,"Fiber optics","Y","Y","Y","Y","Y","Y","Y","Y","Y","Y","Y","Y","Y","Y","Y","Y","Y","Y","Y","Y","Y","Y","Y","Y","Y","Y","Y","Y","Y","Y","Y","Y","Y","Y","Y","Y","Y","Y","Y","Y","Y","Y","Y","Y","Y","Y","Y","Y","Y","Y","Y","Y","Y","Y","Y","Y","Y","Y"
"Gas measurement","Gas measurement",,"Gas measurement","Y","Y","Y","Y","Y","Y","Y","Y","Y","Y","Y","Y","Y","Y","Y","Y","Y","Y","Y","Y","Y","Y","Y","Y","Y","Y","Y","Y","Y","Y","Y","Y","Y","Y","Y","Y","Y","Y","Y","Y","Y","Y","Y","Y","Y","Y","Y","Y","Y","Y","Y","Y","Y","Y","Y","Y","Y","Y"
"Hardware","Hardware",,"Hardware","Y","Y","Y","Y","Y","Y","Y","Y","Y","Y","Y","Y","Y","Y","Y","Y","Y","Y","Y","Y","Y","Y","Y","Y","Y","Y","Y","Y","Y","Y","Y","Y","Y","Y","Y","Y","Y","Y","Y","Y","Y","Y","Y","Y","Y","Y","Y","Y","Y","Y","Y","Y","Y","Y","Y","Y","Y","Y"
"High voltage probes","High voltage probes",,"High voltage probes","Y","Y","Y","Y","Y","Y","Y","Y","Y","Y","Y","Y","Y","Y","Y","Y","Y","Y","Y","Y","Y","Y","Y","Y","Y","Y","Y","Y","Y","Y","Y","Y","Y","Y","Y","Y","Y","Y","Y","Y","Y","Y","Y","Y","Y","Y","Y","Y","Y","Y","Y","Y","Y","Y","Y","Y","Y","Y"
"Holsters","Holsters",,"Holsters","Y","Y","Y","Y","Y","Y","Y","Y","Y","Y","Y","Y","Y","Y","Y","Y","Y","Y","Y","Y","Y","Y","Y","Y","Y","Y","Y","Y","Y","Y","Y","Y","Y","Y","Y","Y","Y","Y","Y","Y","Y","Y","Y","Y","Y","Y","Y","Y","Y","Y","Y","Y","Y","Y","Y","Y","Y","Y"
"IR lenses","IR lenses",,"IR lenses","Y","Y","Y","Y","Y","Y","Y","Y","Y","Y","Y","Y","Y","Y","Y","Y","Y","Y","Y","Y","Y","Y","Y","Y","Y","Y","Y","Y","Y","Y","Y","Y","Y","Y","Y","Y","Y","Y","Y","Y","Y","Y","Y","Y","Y","Y","Y","Y","Y","Y","Y","Y","Y","Y","Y","Y","Y","Y"
"Kits","Kits",,"Kits","Y","Y","Y","Y","Y","Y","Y","Y","Y","Y","Y","Y","Y","Y","Y","Y","Y","Y","Y","Y","Y","Y","Y","Y","Y","Y","Y","Y","Y","Y","Y","Y","Y","Y","Y","Y","Y","Y","Y","Y","Y","Y","Y","Y","Y","Y","Y","Y","Y","Y","Y","Y","Y","Y","Y","Y","Y","Y"
"Lights","Lights",,"Lights","Y","Y","Y","Y","Y","Y","Y","Y","Y","Y","Y","Y","Y","Y","Y","Y","Y","Y","Y","Y","Y","Y","Y","Y","Y","Y","Y","Y","Y","Y","Y","Y","Y","Y","Y","Y","Y","Y","Y","Y","Y","Y","Y","Y","Y","Y","Y","Y","Y","Y","Y","Y","Y","Y","Y","Y","Y","Y"
"Other","Other",,"Other","Y","Y","Y","Y","Y","Y","Y","Y","Y","Y","Y","Y","Y","Y","Y","Y","Y","Y","Y","Y","Y","Y","Y","Y","Y","Y","Y","Y","Y","Y","Y","Y","Y","Y","Y","Y","Y","Y","Y","Y","Y","Y","Y","Y","Y","Y","Y","Y","Y","Y","Y","Y","Y","Y","Y","Y","Y","Y"
"Pouches","Pouches",,"Pouches","Y","Y","Y","Y","Y","Y","Y","Y","Y","Y","Y","Y","Y","Y","Y","Y","Y","Y","Y","Y","Y","Y","Y","Y","Y","Y","Y","Y","Y","Y","Y","Y","Y","Y","Y","Y","Y","Y","Y","Y","Y","Y","Y","Y","Y","Y","Y","Y","Y","Y","Y","Y","Y","Y","Y","Y","Y","Y"
"Pressure","Pressure",,"Pressure","Y","Y","Y","Y","Y","Y","Y","Y","Y","Y","Y","Y","Y","Y","Y","Y","Y","Y","Y","Y","Y","Y","Y","Y","Y","Y","Y","Y","Y","Y","Y","Y","Y","Y","Y","Y","Y","Y","Y","Y","Y","Y","Y","Y","Y","Y","Y","Y","Y","Y","Y","Y","Y","Y","Y","Y","Y","Y"
"Probes","Probes",,"Probes","Y","Y","Y","Y","Y","Y","Y","Y","Y","Y","Y","Y","Y","Y","Y","Y","Y","Y","Y","Y","Y","Y","Y","Y","Y","Y","Y","Y","Y","Y","Y","Y","Y","Y","Y","Y","Y","Y","Y","Y","Y","Y","Y","Y","Y","Y","Y","Y","Y","Y","Y","Y","Y","Y","Y","Y","Y","Y"
"Pumps","Pumps",,"Pumps","Y","Y","Y","Y","Y","Y","Y","Y","Y","Y","Y","Y","Y","Y","Y","Y","Y","Y","Y","Y","Y","Y","Y","Y","Y","Y","Y","Y","Y","Y","Y","Y","Y","Y","Y","Y","Y","Y","Y","Y","Y","Y","Y","Y","Y","Y","Y","Y","Y","Y","Y","Y","Y","Y","Y","Y","Y","Y"
"Rack mounts","Rack mounts",,"Rack mounts","Y","Y","Y","Y","Y","Y","Y","Y","Y","Y","Y","Y","Y","Y","Y","Y","Y","Y","Y","Y","Y","Y","Y","Y","Y","Y","Y","Y","Y","Y","Y","Y","Y","Y","Y","Y","Y","Y","Y","Y","Y","Y","Y","Y","Y","Y","Y","Y","Y","Y","Y","Y","Y","Y","Y","Y","Y","Y"
"RPM","RPM",,"RPM","Y","Y","Y","Y","Y","Y","Y","Y","Y","Y","Y","Y","Y","Y","Y","Y","Y","Y","Y","Y","Y","Y","Y","Y","Y","Y","Y","Y","Y","Y","Y","Y","Y","Y","Y","Y","Y","Y","Y","Y","Y","Y","Y","Y","Y","Y","Y","Y","Y","Y","Y","Y","Y","Y","Y","Y","Y","Y"
"Software","Software",,"Software","Y","Y","Y","Y","Y","Y","Y","Y","Y","Y","Y","Y","Y","Y","Y","Y","Y","Y","Y","Y","Y","Y","Y","Y","Y","Y","Y","Y","Y","Y","Y","Y","Y","Y","Y","Y","Y","Y","Y","Y","Y","Y","Y","Y","Y","Y","Y","Y","Y","Y","Y","Y","Y","Y","Y","Y","Y","Y"
"Temperature","Temperature",,"Temperature","Y","Y","Y","Y","Y","Y","Y","Y","Y","Y","Y","Y","Y","Y","Y","Y","Y","Y","Y","Y","Y","Y","Y","Y","Y","Y","Y","Y","Y","Y","Y","Y","Y","Y","Y","Y","Y","Y","Y","Y","Y","Y","Y","Y","Y","Y","Y","Y","Y","Y","Y","Y","Y","Y","Y","Y","Y","Y"
"Test leads","Test leads",,"Test leads","Y","Y","Y","Y","Y","Y","Y","Y","Y","Y","Y","Y","Y","Y","Y","Y","Y","Y","Y","Y","Y","Y","Y","Y","Y","Y","Y","Y","Y","Y","Y","Y","Y","Y","Y","Y","Y","Y","Y","Y","Y","Y","Y","Y","Y","Y","Y","Y","Y","Y","Y","Y","Y","Y","Y","Y","Y","Y"
"Test probes","Test probes",,"Test probes","Y","Y","Y","Y","Y","Y","Y","Y","Y","Y","Y","Y","Y","Y","Y","Y","Y","Y","Y","Y","Y","Y","Y","Y","Y","Y","Y","Y","Y","Y","Y","Y","Y","Y","Y","Y","Y","Y","Y","Y","Y","Y","Y","Y","Y","Y","Y","Y","Y","Y","Y","Y","Y","Y","Y","Y","Y","Y"
"Thermal imaging","Thermal imaging","Accessories","Thermal imaging Accessories","Y","Y","Y","Y","Y","Y","Y","Y","Y","Y","Y","Y","Y","Y","Y","Y","Y","Y","Y","Y","Y","Y","Y","Y","Y","Y","Y","Y","Y","Y","Y","Y","Y","Y","Y","Y","Y","Y","Y","Y","Y","Y","Y","Y","Y","Y","Y","Y","Y","Y","Y","Y","Y","Y","Y","Y","Y","Y"
"Thermometer","Thermometer",,"Thermometer","Y","Y","Y","Y","Y","Y","Y","Y","Y","Y","Y","Y","Y","Y","Y","Y","Y","Y","Y","Y","Y","Y","Y","Y","Y","Y","Y","Y","Y","Y","Y","Y","Y","Y","Y","Y","Y","Y","Y","Y","Y","Y","Y","Y","Y","Y","Y","Y","Y","Y","Y","Y","Y","Y","Y","Y","Y","Y"
"Wireless","Wireless","Accessories","Wireless Accessories","Y","Y","Y","Y","Y","Y","Y","Y","Y","Y","Y","Y","Y","Y","Y","Y","Y","Y","Y","Y","Y","Y","Y","Y","Y","Y","Y","Y","Y","Y","Y","Y","Y","Y","Y","Y","Y","Y","Y","Y","Y","Y","Y","Y","Y","Y","Y","Y","Y","Y","Y","Y","Y","Y","Y","Y","Y","Y"
"Building","Building Infrastructure",,"Building Infrastructure","Y","Y","Y","Y","Y","Y","Y","Y","Y","Y","Y","Y","Y","Y","Y","Y","Y","Y","Y","Y","Y","Y","Y","Y","Y","Y","Y","Y","Y","Y","Y","Y","Y","Y","Y","Y","Y","Y","Y","Y","Y","Y","Y","Y","Y","Y","Y","Y","Y","Y","Y","Y","Y","Y","Y","Y","Y","Y"
"HVAC","HVAC","tools","HVAC tools","Y","Y","Y","Y","Y","Y","Y","Y","Y","Y","Y","Y","Y","Y","Y","Y","Y","Y","Y","Y","Y","Y","Y","Y","Y","Y","Y","Y","Y","Y","Y","Y","Y","Y","Y","Y","Y","Y","Y","Y","Y","Y","Y","Y","Y","Y","Y","Y","Y","Y","Y","Y","Y","Y","Y","Y","Y","Y"
"IAQ","Indoor air quality","testing","Indoor air quality testing","Y","Y","Y","Y","Y","Y","Y","Y","Y","Y","Y","Y","Y","Y","Y","Y","Y","Y","Y","Y","Y","Y","Y","Y","Y","Y","Y","Y","Y","Y","Y","Y","Y","Y","Y","Y","Y","Y","Y","Y","Y","Y","Y","Y","Y","Y","Y","Y","Y","Y","Y","Y","Y","Y","Y","Y","Y","Y"
"LSD","Laser distance meters",,"Laser distance meters","Y","Y","Y","Y","Y","Y","Y","Y","Y","Y","Y","Y","Y","Y","Y","Y","Y","Y","Y","Y","Y","Y","Y","Y","Y","Y","Y","Y","Y","Y","Y","Y","Y","Y","Y","Y","Y","Y","Y","Y","Y","Y","Y","Y","Y","Y","Y","Y","Y","Y","Y","Y","Y","Y","Y","Y","Y","Y"
"Levels","Laser levels",,"Laser levels","Y","Y","Y","Y","Y","Y","Y","Y","Y","Y","Y","Y","Y","Y","Y","Y","Y","Y","Y","Y","Y","Y","Y","Y","Y","Y","Y","Y","Y","Y","Y","Y","Y","Y","Y","Y","Y","Y","Y","Y","Y","Y","Y","Y","Y","Y","Y","Y","Y","Y","Y","Y","Y","Y","Y","Y","Y","Y"
"Calibration tools","Calibration tools",,"Calibration tools","Y","Y","Y","Y","Y","Y","Y","Y","Y","Y","Y","Y","Y","Y","Y","Y","Y","Y","Y","Y","Y","Y","Y","Y","Y","Y","Y","Y","Y","Y","Y","Y","Y","Y","Y","Y","Y","Y","Y","Y","Y","Y","Y","Y","Y","Y","Y","Y","Y","Y","Y","Y","Y","Y","Y","Y","Y","Y"
"ma loop","mA loop calibrators",,"mA loop calibrators","Y","Y","Y","Y","Y","Y","Y","Y","Y","Y","Y","Y","Y","Y","Y","Y","Y","Y","Y","Y","Y","Y","Y","Y","Y","Y","Y","Y","Y","Y","Y","Y","Y","Y","Y","Y","Y","Y","Y","Y","Y","Y","Y","Y","Y","Y","Y","Y","Y","Y","Y","Y","Y","Y","Y","Y","Y","Y"
"multi","Multifunction calibrators",,"Multifunction calibrators","Y","Y","Y","Y","Y","Y","Y","Y","Y","Y","Y","Y","Y","Y","Y","Y","Y","Y","Y","Y","Y","Y","Y","Y","Y","Y","Y","Y","Y","Y","Y","Y","Y","Y","Y","Y","Y","Y","Y","Y","Y","Y","Y","Y","Y","Y","Y","Y","Y","Y","Y","Y","Y","Y","Y","Y","Y","Y"
"pressure","Pressure calibrators",,"Pressure calibrators","Y","Y","Y","Y","Y","Y","Y","Y","Y","Y","Y","Y","Y","Y","Y","Y","Y","Y","Y","Y","Y","Y","Y","Y","Y","Y","Y","Y","Y","Y","Y","Y","Y","Y","Y","Y","Y","Y","Y","Y","Y","Y","Y","Y","Y","Y","Y","Y","Y","Y","Y","Y","Y","Y","Y","Y","Y","Y"
"Temperature","Temperature calibrators",,"Temperature calibrators","Y","Y","Y","Y","Y","Y","Y","Y","Y","Y","Y","Y","Y","Y","Y","Y","Y","Y","Y","Y","Y","Y","Y","Y","Y","Y","Y","Y","Y","Y","Y","Y","Y","Y","Y","Y","Y","Y","Y","Y","Y","Y","Y","Y","Y","Y","Y","Y","Y","Y","Y","Y","Y","Y","Y","Y","Y","Y"
"Electrical","Electrical testing",,"Electrical testing","Y","Y","Y","Y","Y","Y","Y","Y","Y","Y","Y","Y","Y","Y","Y","Y","Y","Y","Y","Y","Y","Y","Y","Y","Y","Y","Y","Y","Y","Y","Y","Y","Y","Y","Y","Y","Y","Y","Y","Y","Y","Y","Y","Y","Y","Y","Y","Y","Y","Y","Y","Y","Y","Y","Y","Y","Y","Y"
"Battery","Battery analyzers",,"Battery analyzers","Y","Y","Y","Y","Y","Y","Y","Y","Y","Y","Y","Y","Y","Y","Y","Y","Y","Y","Y","Y","Y","Y","Y","Y","Y","Y","Y","Y","Y","Y","Y","Y","Y","Y","Y","Y","Y","Y","Y","Y","Y","Y","Y","Y","Y","Y","Y","Y","Y","Y","Y","Y","Y","Y","Y","Y","Y","Y"
"Clamp","Clamp meters",,"Clamp meters","Y","Y","Y","Y","Y","Y","Y","Y","Y","Y","Y","Y","Y","Y","Y","Y","Y","Y","Y","Y","Y","Y","Y","Y","Y","Y","Y","Y","Y","Y","Y","Y","Y","Y","Y","Y","Y","Y","Y","Y","Y","Y","Y","Y","Y","Y","Y","Y","Y","Y","Y","Y","Y","Y","Y","Y","Y","Y"
"DMM","Digital multimeters",,"Digital multimeters","Y","Y","Y","Y","Y","Y","Y","Y","Y","Y","Y","Y","Y","Y","Y","Y","Y","Y","Y","Y","Y","Y","Y","Y","Y","Y","Y","Y","Y","Y","Y","Y","Y","Y","Y","Y","Y","Y","Y","Y","Y","Y","Y","Y","Y","Y","Y","Y","Y","Y","Y","Y","Y","Y","Y","Y","Y","Y"
"EGT","Earth ground",,"Earth ground","Y","Y","Y","Y","Y","Y","Y","Y","Y","Y","Y","Y","Y","Y","Y","Y","Y","Y","Y","Y","Y","Y","Y","Y","Y","Y","Y","Y","Y","Y","Y","Y","Y","Y","Y","Y","Y","Y","Y","Y","Y","Y","Y","Y","Y","Y","Y","Y","Y","Y","Y","Y","Y","Y","Y","Y","Y","Y"
"Electrical","Basic testers",,"Basic testers","Y","Y","Y","Y","Y","Y","Y","Y","Y","Y","Y","Y","Y","Y","Y","Y","Y","Y","Y","Y","Y","Y","Y","Y","Y","Y","Y","Y","Y","Y","Y","Y","Y","Y","Y","Y","Y","Y","Y","Y","Y","Y","Y","Y","Y","Y","Y","Y","Y","Y","Y","Y","Y","Y","Y","Y","Y","Y"
"Install","Installation testers",,"Installation testers","Y","Y","Y","Y","Y","Y","Y","Y","Y","Y","Y","Y","Y","Y","Y","Y","Y","Y","Y","Y","Y","Y","Y","Y","Y","Y","Y","Y","Y","Y","Y","Y","Y","Y","Y","Y","Y","Y","Y","Y","Y","Y","Y","Y","Y","Y","Y","Y","Y","Y","Y","Y","Y","Y","Y","Y","Y","Y"
"Insul","Insulation testers",,"Insulation testers","Y","Y","Y","Y","Y","Y","Y","Y","Y","Y","Y","Y","Y","Y","Y","Y","Y","Y","Y","Y","Y","Y","Y","Y","Y","Y","Y","Y","Y","Y","Y","Y","Y","Y","Y","Y","Y","Y","Y","Y","Y","Y","Y","Y","Y","Y","Y","Y","Y","Y","Y","Y","Y","Y","Y","Y","Y","Y"
"PAT","Portable appliance testers",,"Portable appliance testers",0,"Y",0,"Y","Y","Y","Y","Y",0,"Y","Y","Y","Y","Y",0,0,0,0,0,0,0,0,0,0,0,0,0,0,0,"Y",0,0,0,"Y","Y","Y","Y","Y","Y",0,0,0,0,0,0,0,"Y","Y","Y",0,0,0,0,0,0,0,0,"Y"
"PO","Portable oscilloscopes",,"Portable oscilloscopes","Y","Y","Y","Y","Y","Y","Y","Y","Y","Y","Y","Y","Y","Y","Y","Y","Y","Y","Y","Y","Y","Y","Y","Y","Y","Y","Y","Y","Y","Y","Y","Y","Y","Y","Y","Y","Y","Y","Y","Y","Y","Y","Y","Y","Y","Y","Y","Y","Y","Y","Y","Y","Y","Y","Y","Y","Y","Y"
"120B Series","120B Series",,"120B Series","Y","Y","Y","Y","Y","Y","Y","Y","Y","Y","Y","Y","Y","Y","Y","Y","Y","Y","Y","Y","Y","Y","Y","Y","Y","Y","Y","Y","Y","Y","Y","Y","Y","Y","Y","Y","Y","Y","Y","Y","Y","Y","Y","Y","Y","Y","Y","Y","Y","Y","Y","Y","Y","Y","Y","Y","Y","Y"
"190 II Series","190 Series II",,"190 Series II","Y","Y","Y","Y","Y","Y","Y","Y","Y","Y","Y","Y","Y","Y","Y","Y","Y","Y","Y","Y","Y","Y","Y","Y","Y","Y","Y","Y","Y","Y","Y","Y","Y","Y","Y","Y","Y","Y","Y","Y","Y","Y","Y","Y","Y","Y","Y","Y","Y","Y","Y","Y","Y","Y","Y","Y","Y","Y"
"Loggers","Power and energy loggers",,"Power and energy loggers","Y","Y","Y","Y","Y","Y","Y","Y","Y","Y","Y","Y","Y","Y","Y","Y","Y","Y","Y","Y","Y","Y","Y","Y","Y","Y","Y","Y","Y","Y","Y","Y","Y","Y","Y","Y","Y","Y","Y","Y","Y","Y","Y","Y","Y","Y","Y","Y","Y","Y","Y","Y","Y","Y","Y","Y","Y","Y"
"Loggers","Three-Phase Power Loggers",,"Three-Phase Power Loggers","Y","Y","Y","Y","Y","Y","Y","Y","Y","Y","Y","Y","Y","Y","Y","Y","Y","Y","Y","Y","Y","Y","Y","Y","Y","Y","Y","Y","Y","Y","Y","Y","Y","Y","Y","Y","Y","Y","Y","Y","Y","Y","Y","Y","Y","Y","Y","Y","Y","Y","Y","Y","Y","Y","Y","Y","Y","Y"
"Loggers","Three-Phase Power Quality Loggers",,"Three-Phase Power Quality Loggers","Y","Y","Y","Y","Y","Y","Y","Y","Y","Y","Y","Y","Y","Y","Y","Y","Y","Y","Y","Y","Y","Y","Y","Y","Y","Y","Y","Y","Y","Y","Y","Y","Y","Y","Y","Y","Y","Y","Y","Y","Y","Y","Y","Y","Y","Y","Y","Y","Y","Y","Y","Y","Y","Y","Y","Y","Y","Y"
"Loggers","Remote Power Monitoring",,"Remote Power Monitoring","Y",0,"Y",0,0,0,0,0,0,0,0,0,0,"Y",0,0,0,0,0,0,0,0,0,0,0,"Y",0,0,0,0,0,0,0,0,0,0,"Y",0,0,"Y",0,0,0,"Y",0,0,0,0,0,0,0,0,0,0,0,0,0,0
"Analyzers","Power quality analyzers",,"Power quality analyzers","Y","Y","Y","Y","Y","Y","Y","Y","Y","Y","Y","Y","Y","Y","Y","Y","Y","Y","Y","Y","Y","Y","Y","Y","Y","Y","Y","Y","Y","Y","Y","Y","Y","Y","Y","Y","Y","Y","Y","Y","Y","Y","Y","Y","Y","Y","Y","Y","Y","Y","Y","Y","Y","Y","Y","Y","Y","Y"
"Analyzers","Electrical Power Training Program",,"Electrical Power Training Program","Y",0,0,0,0,0,0,0,0,0,0,0,0,"Y",0,0,0,0,0,0,0,0,0,0,0,"Y",0,0,0,0,0,0,0,0,0,0,"Y",0,0,"Y",0,0,0,0,0,0,0,0,0,0,0,0,0,0,0,0,0,0
"Analyzers","Three-Phase Power Quality Meters",,"Three-Phase Power Quality Meters","Y","Y","Y","Y","Y","Y","Y","Y","Y","Y","Y","Y","Y","Y","Y","Y","Y","Y","Y","Y","Y","Y","Y","Y","Y","Y","Y","Y","Y","Y","Y","Y","Y","Y","Y","Y","Y","Y","Y","Y","Y","Y","Y","Y","Y","Y","Y","Y","Y","Y","Y","Y","Y","Y","Y","Y","Y","Y"
"Analyzers","Single-Phase Power Quality Meters",,"Single-Phase Power Quality Meters","Y","Y","Y","Y","Y","Y","Y","Y","Y","Y","Y","Y","Y","Y","Y","Y","Y","Y","Y","Y","Y","Y","Y","Y","Y","Y","Y","Y","Y","Y","Y","Y","Y","Y","Y","Y","Y","Y","Y","Y","Y","Y","Y","Y","Y","Y","Y","Y","Y","Y","Y","Y","Y","Y","Y","Y","Y","Y"
"Wireless","Wireless testers",,"Wireless testers",0,0,0,"Y","Y","Y",0,0,"Y",0,"Y",0,"Y",0,0,0,0,0,0,0,0,0,0,0,0,0,0,"Y",0,0,"Y",0,0,"Y",0,0,0,0,0,0,"Y",0,0,0,0,0,0,0,0,0,0,0,0,0,0,0,0,0
"Electronics","Electronics testing",,"Precision Measurement","Y",0,0,0,0,0,0,0,0,0,0,0,0,0,0,0,0,0,0,0,0,0,0,0,0,0,0,0,0,0,0,0,"Y",0,0,0,0,0,0,0,0,0,0,0,0,0,0,0,0,0,0,0,0,0,0,0,0,0
"Bench","Bench instruments",,"Bench instruments","Y",0,0,0,0,0,0,0,0,0,0,0,0,0,0,0,0,0,0,0,0,0,0,0,0,0,0,0,0,0,0,0,"Y",0,0,0,0,0,0,0,0,0,0,0,0,0,0,0,0,0,0,0,0,0,0,0,0,0
"Data A","Data acquisition",,"Data acquisition","Y",0,0,0,0,0,0,0,0,0,0,0,0,0,0,0,0,0,0,0,0,0,0,0,0,0,0,0,0,0,0,0,0,0,0,0,0,0,0,0,0,0,0,0,0,0,0,0,0,0,0,0,0,0,0,0,0,0
"Software","Fluke software",,"Fluke software","Y","Y","Y","Y","Y","Y","Y","Y","Y","Y","Y","Y","Y","Y","Y","Y","Y","Y","Y","Y","Y","Y","Y","Y","Y","Y","Y","Y","Y","Y","Y","Y","Y","Y","Y","Y","Y","Y","Y","Y","Y","Y","Y","Y","Y","Y","Y","Y","Y","Y","Y","Y","Y","Y","Y","Y","Y","Y"
"FCAL","Fluke Calibration software",,"Fluke Calibration software","Y","Y","Y","Y","Y","Y","Y","Y","Y","Y","Y","Y","Y","Y","Y","Y","Y","Y","Y","Y","Y","Y","Y","Y","Y","Y","Y","Y","Y","Y","Y","Y","Y","Y","Y","Y","Y","Y","Y","Y","Y","Y","Y","Y","Y","Y","Y","Y","Y","Y","Y","Y","Y","Y","Y","Y","Y","Y"
"FCA","Fluke Connect Assets","Software","Fluke Connect Assets Software","Y",0,"Y",0,0,0,0,0,0,0,0,0,0,"Y",0,0,0,0,0,0,0,0,0,0,0,0,0,0,0,0,0,0,0,0,0,0,"Y",0,0,0,0,0,0,"Y",0,0,0,0,0,0,0,0,0,0,0,0,0,0
"eMaint","eMaint CMMS",,"eMaint CMMS","Y","Y","Y","Y","Y","Y","Y","Y","Y","Y","Y","Y","Y","Y",0,0,0,0,0,0,0,0,0,0,0,0,0,0,0,0,0,0,0,0,0,0,0,0,0,0,0,0,0,0,0,0,0,0,0,0,0,0,0,0,0,0,0,0
,"Industrial Imaging",,"Industrial Imaging","Y","Y","Y","Y","Y","Y","Y","Y","Y","Y","Y","Y","Y","Y","Y","Y","Y","Y","Y","Y","Y","Y","Y","Y","Y","Y","Y","Y","Y","Y","Y","Y","Y","Y","Y","Y","Y","Y","Y","Y","Y","Y","Y","Y","Y","Y","Y","Y","Y","Y","Y","Y","Y","Y","Y","Y","Y","Y"
"EX","Intrinsically safe",,"Intrinsically safe","Y","Y","Y","Y","Y","Y","Y","Y","Y","Y","Y","Y","Y","Y","Y","Y","Y","Y","Y","Y","Y","Y","Y","Y","Y","Y","Y","Y","Y","Y","Y","Y","Y","Y","Y","Y","Y","Y","Y","Y","Y","Y","Y","Y","Y","Y","Y","Y","Y","Y","Y","Y","Y","Y","Y","Y","Y","Y"
"Mech","Mechanical maintenance",,"Mechanical maintenance","Y","Y","Y","Y","Y","Y","Y","Y","Y","Y","Y","Y","Y","Y","Y","Y","Y","Y","Y","Y","Y","Y","Y","Y","Y","Y","Y","Y","Y","Y","Y","Y","Y","Y","Y","Y","Y","Y","Y","Y","Y","Y","Y","Y","Y","Y","Y","Y","Y","Y","Y","Y","Y","Y","Y","Y","Y","Y"
"Laser","Laser alignment",,"Laser alignment","Y","Y","Y","Y","Y","Y","Y","Y","Y","Y","Y","Y","Y","Y","Y","Y","Y","Y","Y","Y","Y","Y","Y","Y","Y","Y","Y","Y","Y","Y","Y","Y","Y","Y","Y","Y","Y","Y","Y","Y","Y","Y","Y","Y","Y","Y","Y","Y","Y","Y","Y","Y","Y","Y","Y","Y","Y","Y"
"VIB","Vibration analysis",,"Vibration analysis","Y","Y","Y","Y","Y","Y","Y","Y","Y","Y","Y","Y","Y","Y","Y","Y","Y","Y","Y","Y","Y","Y","Y","Y","Y","Y","Y","Y","Y","Y","Y","Y","Y","Y","Y","Y","Y","Y","Y","Y","Y","Y","Y","Y","Y","Y","Y","Y","Y","Y","Y","Y","Y","Y","Y","Y","Y","Y"
"Rad","Radiation safety",,"Radiation safety","Y","Y","Y","Y","Y","Y","Y","Y",0,"Y",0,"Y","Y","Y","Y","Y","Y","Y","Y","Y","Y","Y","Y","Y","Y","Y","Y","Y",0,0,"Y","Y","Y","Y","Y","Y",0,0,0,0,0,0,0,"Y",0,0,0,0,0,"Y","Y",0,"Y",0,"Y",0,0,0
"Temp","Temperature measurement",,"Temperature measurement","Y","Y","Y","Y","Y","Y","Y","Y","Y","Y","Y","Y","Y","Y","Y","Y","Y","Y","Y","Y","Y","Y","Y","Y","Y","Y","Y","Y","Y","Y","Y","Y","Y","Y","Y","Y","Y","Y","Y","Y","Y","Y","Y","Y","Y","Y","Y","Y","Y","Y","Y","Y","Y","Y","Y","Y","Y","Y"
"Contact","Contact thermometers",,"Contact thermometers","Y","Y","Y","Y","Y","Y","Y","Y","Y","Y","Y","Y","Y","Y","Y","Y","Y","Y","Y","Y","Y","Y","Y","Y","Y","Y","Y","Y","Y","Y","Y","Y","Y","Y","Y","Y","Y","Y","Y","Y","Y","Y","Y","Y","Y","Y","Y","Y","Y","Y","Y","Y","Y","Y","Y","Y","Y","Y"
"IR","IR thermometers",,"IR thermometers","Y","Y","Y","Y","Y","Y","Y","Y","Y","Y","Y","Y","Y","Y","Y","Y","Y","Y","Y","Y","Y","Y","Y","Y","Y","Y","Y","Y","Y","Y","Y","Y","Y","Y","Y","Y","Y","Y","Y","Y","Y","Y","Y","Y","Y","Y","Y","Y","Y","Y","Y","Y","Y","Y","Y","Y","Y","Y"
"TI","Thermal imaging",,"Thermal imaging","Y","Y","Y","Y","Y","Y","Y","Y","Y","Y","Y","Y","Y","Y","Y","Y","Y","Y","Y","Y","Y","Y","Y","Y","Y","Y","Y","Y","Y","Y","Y","Y","Y","Y","Y","Y","Y","Y","Y","Y","Y","Y","Y","Y","Y","Y","Y","Y","Y","Y","Y","Y","Y","Y","Y","Y","Y","Y"
"Infrared","Infrared cameras",,"Infrared cameras","Y","Y","Y","Y","Y","Y","Y","Y","Y","Y","Y","Y","Y","Y","Y","Y","Y","Y","Y","Y","Y","Y","Y","Y","Y","Y","Y","Y","Y","Y","Y","Y","Y","Y","Y","Y","Y","Y","Y","Y","Y","Y","Y","Y","Y","Y","Y","Y","Y","Y","Y","Y","Y","Y","Y","Y","Y","Y"
"Gas","Gas detectors",,"Gas detectors","Y","Y","Y","Y","Y","Y","Y","Y","Y","Y","Y","Y","Y","Y","Y","Y","Y","Y","Y","Y","Y","Y","Y","Y","Y","Y","Y","Y","Y","Y","Y","Y","Y","Y","Y","Y","Y","Y","Y","Y","Y","Y","Y","Y","Y","Y","Y","Y","Y","Y","Y","Y","Y","Y","Y","Y","Y","Y"
"Expert","Expert series",,"Expert series","Y","Y","Y","Y","Y","Y","Y","Y","Y","Y","Y","Y","Y","Y","Y","Y","Y","Y","Y","Y","Y","Y","Y","Y","Y","Y","Y","Y","Y","Y","Y","Y","Y","Y","Y","Y","Y","Y","Y","Y","Y","Y","Y","Y","Y","Y","Y","Y","Y","Y","Y","Y","Y","Y","Y","Y","Y","Y"
,"Mounted infrared cameras",,"Mounted infrared cameras","Y","Y","Y","Y","Y","Y","Y","Y","Y","Y","Y","Y","Y","Y","Y","Y","Y","Y","Y","Y","Y","Y","Y","Y","Y","Y","Y","Y","Y","Y","Y","Y","Y","Y","Y","Y","Y","Y","Y","Y","Y","Y","Y","Y","Y","Y","Y","Y","Y","Y","Y","Y","Y","Y","Y","Y","Y","Y"
"Perf","Performance series",,"Performance series","Y","Y","Y","Y","Y","Y","Y","Y","Y","Y","Y","Y","Y","Y","Y","Y","Y","Y","Y","Y","Y","Y","Y","Y","Y","Y","Y","Y","Y","Y","Y","Y","Y","Y","Y","Y","Y","Y","Y","Y","Y","Y","Y","Y","Y","Y","Y","Y","Y","Y","Y","Y","Y","Y","Y","Y","Y","Y"
"prof","Professional series",,"Professional series","Y","Y","Y","Y","Y","Y","Y","Y","Y","Y","Y","Y","Y","Y","Y","Y","Y","Y","Y","Y","Y","Y","Y","Y","Y","Y","Y","Y","Y","Y","Y","Y","Y","Y","Y","Y","Y","Y","Y","Y","Y","Y","Y","Y","Y","Y","Y","Y","Y","Y","Y","Y","Y","Y","Y","Y","Y","Y"
"IR","IR windows",,"IR windows","Y","Y","Y","Y","Y","Y","Y","Y","Y","Y","Y","Y","Y","Y","Y","Y","Y","Y","Y","Y","Y","Y","Y","Y","Y","Y","Y","Y","Y","Y","Y","Y","Y","Y","Y","Y","Y","Y","Y","Y","Y","Y","Y","Y","Y","Y","Y","Y","Y","Y","Y","Y","Y","Y","Y","Y","Y","Y"
"Visual IR","Visual IR thermometers",,"Visual IR thermometers","Y","Y","Y","Y","Y","Y","Y","Y","Y","Y","Y","Y","Y","Y","Y","Y","Y","Y","Y","Y","Y","Y","Y","Y","Y","Y","Y","Y","Y","Y","Y","Y","Y","Y","Y","Y","Y","Y","Y","Y","Y","Y","Y","Y","Y","Y","Y","Y","Y","Y","Y","Y","Y","Y","Y","Y","Y","Y"
"Awards","Awards",,"Awards","PII","PII","PII","PII","PII","PII","PII","PII","PII","PII","PII",0,0,"PII","PII","PII","PII","PII","PII","PII","PII","PII","PII","PII","PII","PII","PII","PII",0,"PII","PII","PII","PII",0,"PII","PII",0,0,0,0,0,0,0,"PII",0,"PII",0,0,0,0,0,0,0,0,0,0,0,"PII"
"NFF","New Fluke products",,"New Fluke products","Y","Y","Y","Y","Y","Y","Y","Y","Y","Y","Y","Y","Y","Y","Y","Y","Y","Y","Y","Y","Y","Y","Y","Y","Y","Y","Y","Y","Y","Y","Y","Y","Y","Y","Y","Y","Y","Y","Y","Y","Y","Y","Y","Y","Y","Y","Y","Y","Y","Y","Y","Y","Y","Y","Y","Y","Y","Y"
"Promo","Promotions and contests",,"Promotions and contests","Y","Y","Y","Y","Y","Y","Y","Y","Y","Y","Y","Y","Y","Y","Y","Y","Y","Y","Y","Y","Y","Y","Y","Y","Y","Y","Y","Y","Y","Y","Y","Y","Y","Y","Y","Y","Y","Y","Y","Y","Y","Y","Y","Y","Y","Y","Y","Y","Y","Y","Y","Y","Y","Y","Y","Y","Y","Y"
"Supplier Hand","Supplier handbook",,"Supplier handbook","Y",0,0,0,0,0,0,0,0,0,0,0,0,0,0,0,0,0,0,0,0,0,0,0,0,0,0,0,0,0,0,0,0,0,0,0,0,0,0,0,0,0,0,0,0,0,0,0,0,0,0,0,0,0,0,0,0,0
"Catalog","Test tool catalog",,"Test tool catalog","PDF","Y","Y","Y","Y","Y","Y","Y","Y","Y","pg","pg","pg","pg","Y","Y","Y","Y","Y","Y","Y","Y","Y","Y","Y","Y","Y","Y","Y","Y","Y","Y","Y","Y","Y","Y","Y","Y","Y","Y","Y","Y","Y","Y","Y","Y","Y","Y","Y","Y","Y","Y","Y","Y","Y","Y","Y","Y"
"FC","Fluke Connect",,"Fluke Connect","Y","Y","Y",0,0,0,"Y","Y",0,0,0,"Y","M","Y","Y","Y","Y","Y","Y","Y","Y","Y","Y","Y","Y","Y",0,0,"Y","Y",0,0,0,0,"Y",0,"Y","Y","Y",0,0,0,0,"Y","Y","Y","Y","Y","Y","Y","Y","Y","Y","Y","Y","Y","Y","Y"
"FCA","Fluke Connect Assets",,"Fluke Connect Assets","Y",0,"Y",0,0,0,0,0,0,0,0,0,0,"Y",0,0,0,0,0,0,0,0,0,0,0,0,0,0,0,0,0,0,0,0,0,0,"Y",0,0,0,0,0,0,"Y",0,0,0,0,0,0,0,0,0,0,0,0,0,0
"FCM","Fluke Connect Measurements",,"Fluke Connect Measurements",0,"Y",0,0,0,0,"Y","Y",0,0,0,"Y","M",0,"Y","Y","Y","Y","Y","Y","Y","Y","Y","Y","Y","Y",0,0,"Y","Y",0,0,0,0,"Y",0,0,"Y","Y",0,0,0,0,0,"Y","Y","Y","Y","Y","Y","Y","Y","Y","Y","Y","Y","Y","Y"
"Solutions","Solutions",,"Solutions","Y","Y","Y","Y","Y","Y","Y","Y","Y","Y","Y","Y","Y","Y","Y","Y","Y","Y","Y","Y","Y","Y","Y","Y","Y","Y","Y","Y","Y",0,0,0,"Y",0,0,0,"Y","Y","Y","Y","Y","Y","Y","Y","Y","Y","Y","Y","Y","Y","Y","Y","Y","Y","Y","Y","Y",0
"Applications","Applications",,"Applications","Y","Y","Y","Y","Y","Y","Y","Y","Y","Y","Y","Y","Y","Y","Y","Y","Y","Y","Y","Y","Y","Y","Y","Y","Y","Y","Y","Y","Y",0,0,0,0,0,0,0,"Y","Y","Y","Y","Y","Y","Y","Y",0,0,0,0,0,0,0,0,0,0,0,0,0,0
"Fluid","Fluid systems","App","Fluid systems App","Y","Y","Y","Y","Y","Y","Y","Y","Y","Y","Y","Y","Y","Y","Y","Y","Y","Y","Y","Y","Y","Y","Y","Y","Y","Y","Y","Y","Y",0,0,0,0,0,0,0,"Y","Y","Y","Y","Y","Y","Y","Y",0,0,0,0,0,0,0,0,0,0,0,0,0,0
"Elec","Electrical inspection","App","Electrical inspection App","Y","Y","Y","Y","Y","Y","Y","Y","Y","Y","Y","Y","Y","Y","Y","Y","Y","Y","Y","Y","Y","Y","Y","Y","Y","Y","Y","Y","Y",0,0,0,0,0,0,0,"Y","Y","Y","Y","Y","Y","Y","Y",0,0,0,0,0,0,0,0,0,0,0,0,0,0
"Press","Pressure calibration","App","Pressure calibration App","Y","Y","Y","Y","Y","Y","Y","Y","Y","Y","Y","Y","Y","Y","Y","Y","Y","Y","Y","Y","Y","Y","Y","Y","Y","Y","Y","Y","Y",0,0,0,0,0,0,0,"Y","Y","Y","Y","Y","Y","Y","Y",0,0,0,0,0,0,0,0,0,0,0,0,0,0
"Temp","Temperature calibration","App","Temperature calibration App","Y","Y","Y","Y","Y","Y","Y","Y","Y","Y","Y","Y","Y","Y","Y","Y","Y","Y","Y","Y","Y","Y","Y","Y","Y","Y","Y","Y","Y",0,0,0,0,0,0,0,"Y","Y","Y","Y","Y","Y","Y","Y",0,0,0,0,0,0,0,0,0,0,0,0,0,0
"M&D","Troubleshooting motors and drives","App","Troubleshooting motors and drives App","Y","Y","Y","Y","Y","Y","Y","Y","Y","Y","Y","Y","Y","Y","Y","Y","Y","Y","Y","Y","Y","Y","Y","Y","Y","Y","Y","Y","Y",0,0,0,0,0,0,0,"Y","Y","Y","Y","Y","Y","Y","Y",0,0,0,0,0,0,0,0,0,0,0,0,0,0
"News","Fluke News",,"Blog / Fluke news","Y","Y","Y","Y","Y","Y","Y","Y","Y","Y","Y","Y","Y","Y","Y","Y","Y","Y","Y","Y","Y","Y","Y","Y","Y","Y","Y","Y",0,0,0,0,0,0,0,"Y","Y","Y","Y","Y","Y","Y","Y",0,0,0,0,0,0,0,0,0,0,0,0,0,0,0
"Automotive","Automotive","News","Automotive News","Y","Y","Y","Y","Y","Y","Y","Y","Y","Y","Y","Y","Y","Y","Y","Y","Y","Y","Y","Y","Y","Y","Y","Y","Y","Y","Y","Y","Y",0,0,0,"Y",0,0,0,"Y","Y","Y","Y","Y","Y","Y","Y",0,0,0,0,0,0,0,0,0,0,0,0,0,0
"Calibration","Calibration","News","Calibration News","Y","Y","Y","Y","Y","Y","Y","Y","Y","Y","Y","Y","Y","Y","Y","Y","Y","Y","Y","Y","Y","Y","Y","Y","Y","Y","Y","Y","Y",0,0,0,"Y",0,0,0,"Y","Y","Y","Y","Y","Y","Y","Y",0,0,0,0,0,0,0,0,0,0,0,0,0,0
"Clamps","Clamps","News","Clamps News","Y","Y","Y","Y","Y","Y","Y","Y","Y","Y","Y","Y","Y","Y","Y","Y","Y","Y","Y","Y","Y","Y","Y","Y","Y","Y","Y","Y","Y",0,0,0,"Y",0,0,0,"Y","Y","Y","Y","Y","Y","Y","Y",0,0,0,0,0,0,0,0,0,0,0,0,0,0
"Controls","Controls","News","Controls News","Y","Y","Y","Y","Y","Y","Y","Y","Y","Y","Y","Y","Y","Y","Y","Y","Y","Y","Y","Y","Y","Y","Y","Y","Y","Y","Y","Y","Y",0,0,0,"Y",0,0,0,"Y","Y","Y","Y","Y","Y","Y","Y",0,0,0,0,0,0,0,0,0,0,0,0,0,0
"Digital multimeters","Digital multimeters","News","Digital multimeters News","Y","Y","Y","Y","Y","Y","Y","Y","Y","Y","Y","Y","Y","Y","Y","Y","Y","Y","Y","Y","Y","Y","Y","Y","Y","Y","Y","Y","Y",0,0,0,"Y",0,0,0,"Y","Y","Y","Y","Y","Y","Y","Y",0,0,0,0,0,0,0,0,0,0,0,0,0,0
"Electrical","Electrical","News","Electrical News","Y","Y","Y","Y","Y","Y","Y","Y","Y","Y","Y","Y","Y","Y","Y","Y","Y","Y","Y","Y","Y","Y","Y","Y","Y","Y","Y","Y","Y",0,0,0,"Y",0,0,0,"Y","Y","Y","Y","Y","Y","Y","Y",0,0,0,0,0,0,0,0,0,0,0,0,0,0
"Electronics","Electronics","News","Electronics News","Y","Y","Y","Y","Y","Y","Y","Y","Y","Y","Y","Y","Y","Y","Y","Y","Y","Y","Y","Y","Y","Y","Y","Y","Y","Y","Y","Y","Y",0,0,0,"Y",0,0,0,"Y","Y","Y","Y","Y","Y","Y","Y",0,0,0,0,0,0,0,0,0,0,0,0,0,0
"Energy efficiency","Energy efficiency","News","Energy efficiency News","Y","Y","Y","Y","Y","Y","Y","Y","Y","Y","Y","Y","Y","Y","Y","Y","Y","Y","Y","Y","Y","Y","Y","Y","Y","Y","Y","Y","Y",0,0,0,"Y",0,0,0,"Y","Y","Y","Y","Y","Y","Y","Y",0,0,0,0,0,0,0,0,0,0,0,0,0,0
"Grounding","Grounding","News","Grounding News","Y","Y","Y","Y","Y","Y","Y","Y","Y","Y","Y","Y","Y","Y","Y","Y","Y","Y","Y","Y","Y","Y","Y","Y","Y","Y","Y","Y","Y",0,0,0,"Y",0,0,0,"Y","Y","Y","Y","Y","Y","Y","Y",0,0,0,0,0,0,0,0,0,0,0,0,0,0
"HVAC","HVAC","News","HVAC News","Y","Y","Y","Y","Y","Y","Y","Y","Y","Y","Y","Y","Y","Y","Y","Y","Y","Y","Y","Y","Y","Y","Y","Y","Y","Y","Y","Y","Y",0,0,0,"Y",0,0,0,"Y","Y","Y","Y","Y","Y","Y","Y",0,0,0,0,0,0,0,0,0,0,0,0,0,0
"Insulation testers","Insulation testers","News","Insulation testers News","Y","Y","Y","Y","Y","Y","Y","Y","Y","Y","Y","Y","Y","Y","Y","Y","Y","Y","Y","Y","Y","Y","Y","Y","Y","Y","Y","Y","Y",0,0,0,"Y",0,0,0,"Y","Y","Y","Y","Y","Y","Y","Y",0,0,0,0,0,0,0,0,0,0,0,0,0,0
"Laser distance meters","Laser distance meters","News","Laser distance meters News","Y","Y","Y","Y","Y","Y","Y","Y","Y","Y","Y","Y","Y","Y","Y","Y","Y","Y","Y","Y","Y","Y","Y","Y","Y","Y","Y","Y","Y",0,0,0,"Y",0,0,0,"Y","Y","Y","Y","Y","Y","Y","Y",0,0,0,0,0,0,0,0,0,0,0,0,0,0
"Motors, drives, pumps, compressors","Motors, drives, pumps, compressors","News","Motors, drives, pumps, compressors News","Y","Y","Y","Y","Y","Y","Y","Y","Y","Y","Y","Y","Y","Y","Y","Y","Y","Y","Y","Y","Y","Y","Y","Y","Y","Y","Y","Y","Y",0,0,0,"Y",0,0,0,"Y","Y","Y","Y","Y","Y","Y","Y",0,0,0,0,0,0,0,0,0,0,0,0,0,0
"Oscilloscopes","Oscilloscopes","News","Oscilloscopes News","Y","Y","Y","Y","Y","Y","Y","Y","Y","Y","Y","Y","Y","Y","Y","Y","Y","Y","Y","Y","Y","Y","Y","Y","Y","Y","Y","Y","Y",0,0,0,"Y",0,0,0,"Y","Y","Y","Y","Y","Y","Y","Y",0,0,0,0,0,0,0,0,0,0,0,0,0,0
"Power quality","Power quality","News","Power quality News","Y","Y","Y","Y","Y","Y","Y","Y","Y","Y","Y","Y","Y","Y","Y","Y","Y","Y","Y","Y","Y","Y","Y","Y","Y","Y","Y","Y","Y",0,0,0,"Y",0,0,0,"Y","Y","Y","Y","Y","Y","Y","Y",0,0,0,0,0,0,0,0,0,0,0,0,0,0
"Predictive maintenance","Predictive maintenance","News","Predictive maintenance News","Y","Y","Y","Y","Y","Y","Y","Y","Y","Y","Y","Y","Y","Y","Y","Y","Y","Y","Y","Y","Y","Y","Y","Y","Y","Y","Y","Y","Y",0,0,0,"Y",0,0,0,"Y","Y","Y","Y","Y","Y","Y","Y",0,0,0,0,0,0,0,0,0,0,0,0,0,0
"Research","Research","News","Research News","Y","Y","Y","Y","Y","Y","Y","Y","Y","Y","Y","Y","Y","Y","Y","Y","Y","Y","Y","Y","Y","Y","Y","Y","Y","Y","Y","Y","Y",0,0,0,"Y",0,0,0,"Y","Y","Y","Y","Y","Y","Y","Y",0,0,0,0,0,0,0,0,0,0,0,0,0,0
"Safety","Safety","News","Safety News","Y","Y","Y","Y","Y","Y","Y","Y","Y","Y","Y","Y","Y","Y","Y","Y","Y","Y","Y","Y","Y","Y","Y","Y","Y","Y","Y","Y","Y",0,0,0,"Y",0,0,0,"Y","Y","Y","Y","Y","Y","Y","Y",0,0,0,0,0,0,0,0,0,0,0,0,0,0
"Special event","Special event","News","Special event News","Y","Y","Y","Y","Y","Y","Y","Y","Y","Y","Y","Y","Y","Y","Y","Y","Y","Y","Y","Y","Y","Y","Y","Y","Y","Y","Y","Y","Y",0,0,0,"Y",0,0,0,"Y","Y","Y","Y","Y","Y","Y","Y",0,0,0,0,0,0,0,0,0,0,0,0,0,0
"Temperature","Temperature","News","Temperature News","Y","Y","Y","Y","Y","Y","Y","Y","Y","Y","Y","Y","Y","Y","Y","Y","Y","Y","Y","Y","Y","Y","Y","Y","Y","Y","Y","Y","Y",0,0,0,"Y",0,0,0,"Y","Y","Y","Y","Y","Y","Y","Y",0,0,0,0,0,0,0,0,0,0,0,0,0,0
"Thermal imaging","Thermal imaging","News","Thermal imaging News","Y","Y","Y","Y","Y","Y","Y","Y","Y","Y","Y","Y","Y","Y","Y","Y","Y","Y","Y","Y","Y","Y","Y","Y","Y","Y","Y","Y","Y",0,0,0,"Y",0,0,0,"Y","Y","Y","Y","Y","Y","Y","Y",0,0,0,0,0,0,0,0,0,0,0,0,0,0
"User tips","User tips","News","User tips News","Y","Y","Y","Y","Y","Y","Y","Y","Y","Y","Y","Y","Y","Y","Y","Y","Y","Y","Y","Y","Y","Y","Y","Y","Y","Y","Y","Y","Y",0,0,0,"Y",0,0,0,"Y","Y","Y","Y","Y","Y","Y","Y",0,0,0,0,0,0,0,0,0,0,0,0,0,0
"Vibration","Vibration","News","Vibration News","Y","Y","Y","Y","Y","Y","Y","Y","Y","Y","Y","Y","Y","Y","Y","Y","Y","Y","Y","Y","Y","Y","Y","Y","Y","Y","Y","Y","Y",0,0,0,"Y",0,0,0,"Y","Y","Y","Y","Y","Y","Y","Y",0,0,0,0,0,0,0,0,0,0,0,0,0,0
"Wireless","Wireless","News","Wireless News","Y","Y","Y","Y","Y","Y","Y","Y","Y","Y","Y","Y","Y","Y","Y","Y","Y","Y","Y","Y","Y","Y","Y","Y","Y","Y","Y","Y","Y",0,0,0,"Y",0,0,0,"Y","Y","Y","Y","Y","Y","Y","Y",0,0,0,0,0,0,0,0,0,0,0,0,0,0
"Industries","Industries",,"Industries","Y","Y","Y","Y","Y","Y","Y","Y","Y","Y","Y","Y","Y","Y","Y","Y","Y","Y","Y","Y","Y","Y","Y","Y","Y","Y","Y","Y","Y",0,0,0,0,0,0,0,"Y","Y","Y","Y","Y","Y","Y","Y",0,0,0,0,0,0,0,0,0,0,0,0,0,0
"Chem","Chemical processing","ind","Chemical processing ind","Y","Y","Y","Y","Y","Y","Y","Y","Y","Y","Y","Y","Y","Y","Y","Y","Y","Y","Y","Y","Y","Y","Y","Y","Y","Y","Y","Y","Y",0,0,0,0,0,0,0,"Y","Y","Y","Y","Y","Y","Y","Y",0,0,0,0,0,0,0,0,0,0,0,0,0,0
"Elec-4C","Electrical inspection","for Chemical Processing","Electrical inspection for Chemical Processing","Y","Y","Y","Y","Y","Y","Y","Y","Y","Y","Y","Y","Y","Y","Y","Y","Y","Y","Y","Y","Y","Y","Y","Y","Y","Y","Y","Y","Y",0,0,0,0,0,0,0,"Y","Y","Y","Y","Y","Y","Y","Y",0,0,0,0,0,0,0,0,0,0,0,0,0,0
"Fluid-4C","Fluid Systems","for Chemical Processing","Fluid Systems for Chemical Processing","Y","Y","Y","Y","Y","Y","Y","Y","Y","Y","Y","Y","Y","Y","Y","Y","Y","Y","Y","Y","Y","Y","Y","Y","Y","Y","Y","Y","Y",0,0,0,0,0,0,0,"Y","Y","Y","Y","Y","Y","Y","Y",0,0,0,0,0,0,0,0,0,0,0,0,0,0
"Press-4C","Pressure calibration","for Chemical Processing","Pressure calibration for Chemical Processing","Y","Y","Y","Y","Y","Y","Y","Y","Y","Y","Y","Y","Y","Y","Y","Y","Y","Y","Y","Y","Y","Y","Y","Y","Y","Y","Y","Y","Y",0,0,0,0,0,0,0,"Y","Y","Y","Y","Y","Y","Y","Y",0,0,0,0,0,0,0,0,0,0,0,0,0,0
"Temp-4C","Temperature calibration","for Chemical Processing","Temperature calibration for Chemical Processing","Y","Y","Y","Y","Y","Y","Y","Y","Y","Y","Y","Y","Y","Y","Y","Y","Y","Y","Y","Y","Y","Y","Y","Y","Y","Y","Y","Y","Y",0,0,0,0,0,0,0,"Y","Y","Y","Y","Y","Y","Y","Y",0,0,0,0,0,0,0,0,0,0,0,0,0,0
"M&D-4C","Troubleshooting motors and drives","for Chemical Processing","Troubleshooting motors and drives for Chemical Processing","Y","Y","Y","Y","Y","Y","Y","Y","Y","Y","Y","Y","Y","Y","Y","Y","Y","Y","Y","Y","Y","Y","Y","Y","Y","Y","Y","Y","Y",0,0,0,0,0,0,0,"Y","Y","Y","Y","Y","Y","Y","Y",0,0,0,0,0,0,0,0,0,0,0,0,0,0
"Mfg","Manufacturing","ind","Manufacturing ind","Y","Y","Y","Y","Y","Y","Y","Y","Y","Y","Y","Y","Y","Y","Y","Y","Y","Y","Y","Y","Y","Y","Y","Y","Y","Y","Y","Y","Y",0,0,0,0,0,0,0,"Y","Y","Y","Y","Y","Y","Y","Y",0,0,0,0,0,0,0,0,0,0,0,0,0,0
"Elec-4C","Electrical inspection","for Manufacturing","Electrical inspection for Manufacturing","Y","Y","Y","Y","Y","Y","Y","Y","Y","Y","Y","Y","Y","Y","Y","Y","Y","Y","Y","Y","Y","Y","Y","Y","Y","Y","Y","Y","Y",0,0,0,0,0,0,0,"Y","Y","Y","Y","Y","Y","Y","Y",0,0,0,0,0,0,0,0,0,0,0,0,0,0
"Equip-4C","Equipment and production line testing","for Manufacturing","Equipment and production line testing for Manufacturing","Y","Y","Y","Y","Y","Y","Y","Y","Y","Y","Y","Y","Y","Y","Y","Y","Y","Y","Y","Y","Y","Y","Y","Y","Y","Y","Y","Y","Y",0,0,0,0,0,0,0,"Y","Y","Y","Y","Y","Y","Y","Y",0,0,0,0,0,0,0,0,0,0,0,0,0,0
"M&D-4C","Troubleshooting motors and drives","for Manufacturing","Troubleshooting motors and drives for Manufacturing","Y","Y","Y","Y","Y","Y","Y","Y","Y","Y","Y","Y","Y","Y","Y","Y","Y","Y","Y","Y","Y","Y","Y","Y","Y","Y","Y","Y","Y",0,0,0,0,0,0,0,"Y","Y","Y","Y","Y","Y","Y","Y",0,0,0,0,0,0,0,0,0,0,0,0,0,0
"Mining","Mining and metals","ind","Mining and metals ind","Y","Y","Y","Y","Y","Y","Y","Y","Y","Y","Y","Y","Y","Y","Y","Y","Y","Y","Y","Y","Y","Y","Y","Y","Y","Y","Y","Y","Y",0,0,0,0,0,0,0,"Y","Y","Y","Y","Y","Y","Y","Y",0,0,0,0,0,0,0,0,0,0,0,0,0,0
"Elec-4MM","Electrical inspection","for Mining and Metals","Electrical inspection for Mining and Metals","Y","Y","Y","Y","Y","Y","Y","Y","Y","Y","Y","Y","Y","Y","Y","Y","Y","Y","Y","Y","Y","Y","Y","Y","Y","Y","Y","Y","Y",0,0,0,0,0,0,0,"Y","Y","Y","Y","Y","Y","Y","Y",0,0,0,0,0,0,0,0,0,0,0,0,0,0
"Press-4MM","Pressure calibration","for Mining and Metals","Pressure calibration for Mining and Metals","Y","Y","Y","Y","Y","Y","Y","Y","Y","Y","Y","Y","Y","Y","Y","Y","Y","Y","Y","Y","Y","Y","Y","Y","Y","Y","Y","Y","Y",0,0,0,0,0,0,0,"Y","Y","Y","Y","Y","Y","Y","Y",0,0,0,0,0,0,0,0,0,0,0,0,0,0
"Temp-4MM","Temperature calibration","for Mining and Metals","Temperature calibration for Mining and Metals","Y","Y","Y","Y","Y","Y","Y","Y","Y","Y","Y","Y","Y","Y","Y","Y","Y","Y","Y","Y","Y","Y","Y","Y","Y","Y","Y","Y","Y",0,0,0,0,0,0,0,"Y","Y","Y","Y","Y","Y","Y","Y",0,0,0,0,0,0,0,0,0,0,0,0,0,0
"M&D-4MM","Troubleshooting motors and drives","for Mining and Metals","Troubleshooting motors and drives for Mining and Metals","Y","Y","Y","Y","Y","Y","Y","Y","Y","Y","Y","Y","Y","Y","Y","Y","Y","Y","Y","Y","Y","Y","Y","Y","Y","Y","Y","Y","Y",0,0,0,0,0,0,0,"Y","Y","Y","Y","Y","Y","Y","Y",0,0,0,0,0,0,0,0,0,0,0,0,0,0
"O&G","Oil and gas","ind","Oil and gas ind","Y","Y","Y","Y","Y","Y","Y","Y","Y","Y","Y","Y","Y","Y","Y","Y","Y","Y","Y","Y","Y","Y","Y","Y","Y","Y","Y","Y","Y",0,0,0,0,0,0,0,"Y","Y","Y","Y","Y","Y","Y","Y",0,0,0,0,0,0,0,0,0,0,0,0,0,0
"Cust-4O&G","Custody transfer","for Oil and Gas","Custody transfer for Oil and Gas","Y","Y","Y","Y","Y","Y","Y","Y","Y","Y","Y","Y","Y","Y","Y","Y","Y","Y","Y","Y","Y","Y","Y","Y","Y","Y","Y","Y","Y",0,0,0,0,0,0,0,"Y","Y","Y","Y","Y","Y","Y","Y",0,0,0,0,0,0,0,0,0,0,0,0,0,0
"Elec-4O&G","Electrical inspection","for Oil and Gas","Electrical inspection for Oil and Gas","Y","Y","Y","Y","Y","Y","Y","Y","Y","Y","Y","Y","Y","Y","Y","Y","Y","Y","Y","Y","Y","Y","Y","Y","Y","Y","Y","Y","Y",0,0,0,0,0,0,0,"Y","Y","Y","Y","Y","Y","Y","Y",0,0,0,0,0,0,0,0,0,0,0,0,0,0
"Fluid-4O&G","Fluid systems","for Oil and Gas","Fluid systems for Oil and Gas","Y","Y","Y","Y","Y","Y","Y","Y","Y","Y","Y","Y","Y","Y","Y","Y","Y","Y","Y","Y","Y","Y","Y","Y","Y","Y","Y","Y","Y",0,0,0,0,0,0,0,"Y","Y","Y","Y","Y","Y","Y","Y",0,0,0,0,0,0,0,0,0,0,0,0,0,0
"Press-4O&G","Pressure calibration","for Oil and Gas","Pressure calibration for Oil and Gas","Y","Y","Y","Y","Y","Y","Y","Y","Y","Y","Y","Y","Y","Y","Y","Y","Y","Y","Y","Y","Y","Y","Y","Y","Y","Y","Y","Y","Y",0,0,0,0,0,0,0,"Y","Y","Y","Y","Y","Y","Y","Y",0,0,0,0,0,0,0,0,0,0,0,0,0,0
"Temp-4O&G","Temperature calibration","for Oil and Gas","Temperature calibration for Oil and Gas","Y","Y","Y","Y","Y","Y","Y","Y","Y","Y","Y","Y","Y","Y","Y","Y","Y","Y","Y","Y","Y","Y","Y","Y","Y","Y","Y","Y","Y",0,0,0,0,0,0,0,"Y","Y","Y","Y","Y","Y","Y","Y",0,0,0,0,0,0,0,0,0,0,0,0,0,0
"M&D-4O&G","Troubleshooting motors and drives","for Oil and Gas","Troubleshooting motors and drives for Oil and Gas","Y","Y","Y","Y","Y","Y","Y","Y","Y","Y","Y","Y","Y","Y","Y","Y","Y","Y","Y","Y","Y","Y","Y","Y","Y","Y","Y","Y","Y",0,0,0,0,0,0,0,"Y","Y","Y","Y","Y","Y","Y","Y",0,0,0,0,0,0,0,0,0,0,0,0,0,0
"Energy","Energy efficiency",,"Energy efficiency",0,"Y",0,"Y","Y","Y","Y","Y",0,"Y","Y",0,"M","Y",0,0,0,0,0,0,0,0,0,0,0,0,0,0,"Y",0,0,0,"Y",0,0,0,"Y",0,0,"Y",0,"Y",0,0,0,"Y","Y","Y",0,0,0,"Y",0,"Y",0,"Y","Y",0
"PM","Preventive maintenance",,"Preventive maintenance",0,"Y","Y","Y","Y","Y","Y","Y","Y","Y","Y",0,"M","Y",,,,,,,,,,,,0,,,"Y",0,0,0,0,0,0,0,"Y",0,0,"Y",0,"Y",0,"Y",0,0,"Y","Y",0,0,0,"Y",0,"Y",0,"Y","Y",0
"Safety","Safety",,"Safety",0,0,0,0,0,0,0,0,0,0,0,0,"M","Y",0,0,0,0,0,0,0,0,0,0,0,0,,,"Y",0,0,0,0,0,0,0,"Y","Y","Y","Y",0,"Y",0,0,0,"Y","Y","Y",0,0,0,"Y","Y","Y","Y","Y","Y",0
"Why","Why professionals choose Fluke",,"Why professionals choose Fluke",0,"Y",0,0,0,0,0,0,0,0,"Y","Y","M","Y",0,0,0,0,0,0,0,0,0,0,0,0,,,"Y",0,0,0,"Y",0,0,0,"Y","Y","Y","Y","M","Y","Y",0,"Y",0,"Y","Y","Y","Y","Y","Y","Y","Y","Y","Y","Y",0
"Toolbelt","Complete your toolbelt",,"Complete your toolbelt",0,"Y","Y","Y","Y","Y","Y","Y","Y","Y","Y","Y","M","Y",,,,,,,,,,,,0,,,"Y",0,0,0,0,0,0,0,"Y","Y","Y","Y","M","Y","Y","Y","Y",0,"Y","Y","Y","Y","Y","Y","Y","Y","Y","Y","Y",0
"TI","Thermal imaging","for Solutions","Thermal imaging for Solutions","Y","Y","Y",0,0,0,"Y",0,0,0,0,0,0,"Y",0,0,0,0,0,0,0,0,0,0,0,0,0,0,"Y",0,0,0,0,0,0,0,"Y",0,0,"Y",0,0,0,0,0,0,"Y",0,0,0,0,"Y",0,"Y",0,"Y",0,0
"Training","Training",,"Training","Y","Y","Y","Y","Y","Y","Y","Y","Y","Y","Y","Y","Y","Y","Y","Y","Y","Y","Y","Y","Y","Y","Y","Y","Y","Y","Y","Y","Y","Y","Y","Y","Y","Y","Y","Y","Y","Y","Y","Y","Y","Y","Y","Y","Y","Y","Y","Y","Y","Y","Y","Y","Y","Y","Y","Y","Y","Y"
"Elec","Electrical safety",,"Electrical safety","Y","Y","Y","Y","Y","Y","Y","Y","Y","Y","Y","Y","Y","Y","Y","Y","Y","Y","Y","Y","Y","Y","Y","Y","Y","Y","Y","Y","Y",0,0,0,0,0,0,0,"Y","Y","Y","Y","Y","Y","Y","Y",0,0,0,0,0,0,0,0,0,0,0,0,0,0
"Arc","Arc flash and arc blast",,"Arc flash and arc blast","Y","Y","Y","Y","Y","Y","Y","Y","Y","Y","Y","Y","Y","Y","Y","Y","Y","Y","Y","Y","Y","Y","Y","Y","Y","Y","Y","Y","Y",0,0,0,0,0,0,0,"Y","Y","Y","Y","Y","Y","Y","Y",0,0,0,0,0,0,0,0,0,0,0,0,0,0
"Safety","Basic safety procedures",,"Basic safety procedures","Y","Y","Y","Y","Y","Y","Y","Y","Y","Y","Y","Y","Y","Y","Y","Y","Y","Y","Y","Y","Y","Y","Y","Y","Y","Y","Y","Y","Y",0,0,0,0,0,0,0,"Y","Y","Y","Y","Y","Y","Y","Y",0,0,0,0,0,0,0,0,0,0,0,0,0,0
"Videos","Electrical measurement safety videos",,"Electrical measurement safety videos","Y","Y","Y","Y","Y","Y","Y","Y","Y","Y","Y","Y","Y","Y","Y","Y","Y","Y","Y","Y","Y","Y","Y","Y","Y","Y","Y","Y","Y",0,0,0,0,0,0,0,"Y","Y","Y","Y","Y","Y","Y","Y",0,0,0,0,0,0,0,0,0,0,0,0,0,0
"non-C","Non-contact safety tools",,"Non-contact safety tools","Y","Y","Y","Y","Y","Y","Y","Y","Y","Y","Y","Y","Y","Y","Y","Y","Y","Y","Y","Y","Y","Y","Y","Y","Y","Y","Y","Y","Y",0,0,0,0,0,0,0,"Y","Y","Y","Y","Y","Y","Y","Y",0,0,0,0,0,0,0,0,0,0,0,0,0,0
"TT-safe","Test tool safety",,"Test tool safety","Y","Y","Y","Y","Y","Y","Y","Y","Y","Y","Y","Y","Y","Y","Y","Y","Y","Y","Y","Y","Y","Y","Y","Y","Y","Y","Y","Y","Y",0,0,0,0,0,0,0,"Y","Y","Y","Y","Y","Y","Y","Y",0,0,0,0,0,0,0,0,0,0,0,0,0,0
"Educators","For educators",,"For educators","Y",0,0,0,0,0,0,0,0,0,0,0,0,0,0,0,0,0,0,0,0,0,0,0,0,0,0,0,0,0,0,0,0,0,0,0,0,0,0,0,0,0,0,0,0,0,0,0,0,0,0,0,0,0,0,0,0,0
"overview","Program overview",,"Program overview","Y",0,0,0,0,0,0,0,0,0,0,0,0,0,0,0,0,0,0,0,0,0,0,0,0,0,0,0,0,0,0,0,0,0,0,0,0,0,0,0,0,0,0,0,0,0,0,0,0,0,0,0,0,0,0,0,0,0
"tools","Loaner tools",,"Loaner tools","Y",0,0,0,0,0,0,0,0,0,0,0,0,0,0,0,0,0,0,0,0,0,0,0,0,0,0,0,0,0,0,0,0,0,0,0,0,0,0,0,0,0,0,0,0,0,0,0,0,0,0,0,0,0,0,0,0,0
"contest","Student contest",,"Student contest","Y",0,0,0,0,0,0,0,0,0,0,0,0,0,0,0,0,0,0,0,0,0,0,0,0,0,0,0,0,0,0,0,0,0,0,0,0,0,0,0,0,0,0,0,0,0,0,0,0,0,0,0,0,0,0,0,0,0
"materials","Teaching materials",,"Teaching materials","Y",0,0,0,0,0,0,0,0,0,0,0,0,0,0,0,0,0,0,0,0,0,0,0,0,0,0,0,0,0,0,0,0,0,0,0,0,0,0,0,0,0,0,0,0,0,0,0,0,0,0,0,0,0,0,0,0,0
"discounts","Tool discounts",,"Tool discounts","Y",0,0,0,0,0,0,0,0,0,0,0,0,0,0,0,0,0,0,0,0,0,0,0,0,0,0,0,0,0,0,0,0,0,0,0,0,0,0,0,0,0,0,0,0,0,0,0,0,0,0,0,0,0,0,0,0,0
"donations","Tool donations",,"Tool donations","Y",0,0,0,0,0,0,0,0,0,0,0,0,0,0,0,0,0,0,0,0,0,0,0,0,0,0,0,0,0,0,0,0,0,0,0,0,0,0,0,0,0,0,0,0,0,0,0,0,0,0,0,0,0,0,0,0,0
"Online","Online courses",,"Online courses","Y","Y","Y","Y","Y","Y","Y","Y","Y","Y","Y","Y","Y","Y",0,0,0,0,0,0,0,0,0,0,0,0,0,0,0,0,0,0,0,0,0,0,0,0,0,0,0,0,0,0,0,0,0,0,0,0,0,0,0,0,0,0,0,0
"DMM","Digital multimeter basics",,"Digital multimeter basics","Y","Y","Y","Y","Y","Y","Y","Y","Y","Y","Y","Y","Y","Y",0,0,0,0,0,0,0,0,0,0,0,0,0,0,0,0,0,0,0,0,0,0,0,0,0,0,0,0,0,0,0,0,0,0,0,0,0,0,0,0,0,0,0,0
"Elec","Electrical measurement safety",,"Electrical measurement safety","Y",0,0,0,0,0,0,0,0,0,0,0,0,0,0,0,0,0,0,0,0,0,0,0,0,0,0,0,0,0,0,0,0,0,0,0,0,0,0,0,0,0,0,0,0,0,0,0,0,0,0,0,0,0,0,0,0,0
"Elec-Pow","Electrical power explained",,"Electrical power explained","Y",0,0,0,0,0,0,0,0,0,0,0,0,0,0,0,0,0,0,0,0,0,0,0,0,0,0,0,0,0,0,0,0,0,0,0,0,0,0,0,0,0,0,0,0,0,0,0,0,0,0,0,0,0,0,0,0,0
"M&D","Motor and drive troubleshooting",,"Motor and drive troubleshooting","Y","Y","Y","Y","Y","Y","Y","Y","Y","Y","Y","Y","Y","Y",0,0,0,0,0,0,0,0,0,0,0,0,0,0,0,0,0,0,0,0,0,0,0,0,0,0,0,0,0,0,0,0,0,0,0,0,0,0,0,0,0,0,0,0
"Seminars","Seminars",,"Seminars","Y","Y","Y","Y","Y","Y","Y","Y","Y","Y","Y","Y","Y","Y",0,0,0,0,0,0,0,0,0,0,0,0,0,0,"Y",0,0,0,0,0,0,0,"Y","Y","Y","Y","Y","Y","Y",0,,,"Y","Y","Y","Y","Y","Y","Y","Y","Y","Y","Y",0
"T&M","Test and measurement basics",,"Test and measurement basics","Y","Y","Y","Y","Y","Y","Y","Y","Y","Y","Y","Y","Y","Y","Y","Y","Y","Y","Y","Y","Y","Y","Y","Y","Y","Y","Y","Y","Y",0,0,0,0,0,0,0,"Y","Y","Y","Y","Y","Y","Y","Y",0,0,0,0,0,0,0,0,0,0,0,0,0,0
"MBasics","Measurement basics",,"Measurement basics","Y","Y","Y","Y","Y","Y","Y","Y","Y","Y","Y","Y","Y","Y","Y","Y","Y","Y","Y","Y","Y","Y","Y","Y","Y","Y","Y","Y","Y",0,0,0,0,0,0,0,"Y","Y","Y","Y","Y","Y","Y","Y",0,0,0,0,0,0,0,0,0,0,0,0,0,0
"Elec","Electricity",,"Electricity","Y","Y","Y","Y","Y","Y","Y","Y","Y","Y","Y","Y","Y","Y","Y","Y","Y","Y","Y","Y","Y","Y","Y","Y","Y","Y","Y","Y","Y",0,0,0,0,0,0,0,"Y","Y","Y","Y","Y","Y","Y","Y",0,0,0,0,0,0,0,0,0,0,0,0,0,0
"Batt","Stationary Batteries",,"Stationary Batteries","Y","Y","Y","Y","Y","Y","Y","Y","Y","Y","Y","Y","Y","Y","Y","Y","Y","Y","Y","Y","Y","Y","Y","Y","Y","Y","Y","Y","Y",0,0,0,0,0,0,0,"Y","Y","Y","Y","Y","Y","Y","Y",0,0,0,0,0,0,0,0,0,0,0,0,0,0
,"Power Quality",,"Power Quality","Y","Y","Y","Y","Y","Y","Y","Y","Y","Y","Y","Y","Y","Y",0,0,0,0,0,0,0,0,0,0,0,0,0,0,0,0,0,0,0,0,0,0,0,0,0,0,0,0,0,0,0,0,0,0,0,0,0,0,0,0,0,0,0,0
"TI","Thermography",,"Thermography","Y","Y","Y","Y","Y","Y","Y","Y","Y","Y","Y","Y","Y","Y","Y","Y","Y","Y","Y","Y","Y","Y","Y","Y","Y","Y","Y","Y","Y",0,0,0,0,0,0,0,"Y","Y","Y","Y","Y","Y","Y","Y",0,0,0,0,0,0,0,0,0,0,0,0,0,0
"TTBasics","Test tools basics",,"Test tools basics","Y","Y","Y","Y","Y","Y","Y","Y","Y","Y","Y","Y","Y","Y","Y","Y","Y","Y","Y","Y","Y","Y","Y","Y","Y","Y","Y","Y","Y",0,0,0,0,0,0,0,"Y","Y","Y","Y","Y","Y","Y","Y",0,0,0,0,0,0,0,0,0,0,0,0,0,0
"Clamps","Clamp Meters","for Test Tool Basics","Clamp Meters for Test Tool Basics","Y","Y","Y","Y","Y","Y","Y","Y","Y","Y","Y","Y","Y","Y","Y","Y","Y","Y","Y","Y","Y","Y","Y","Y","Y","Y","Y","Y","Y",0,0,0,0,0,0,0,"Y","Y","Y","Y","Y","Y","Y","Y",0,0,0,0,0,0,0,0,0,0,0,0,0,0
"DMM","Digital Multimeters","for Test Tool Basics","Digital Multimeters for Test Tool Basics","Y","Y","Y","Y","Y","Y","Y","Y","Y","Y","Y","Y","Y","Y","Y","Y","Y","Y","Y","Y","Y","Y","Y","Y","Y","Y","Y","Y","Y",0,0,0,0,0,0,0,"Y","Y","Y","Y","Y","Y","Y","Y",0,0,0,0,0,0,0,0,0,0,0,0,0,0
"IC","Infrared Cameras","for Test Tool Basics","Infrared Cameras for Test Tool Basics","Y","Y","Y","Y","Y","Y","Y","Y","Y","Y","Y","Y","Y","Y","Y","Y","Y","Y","Y","Y","Y","Y","Y","Y","Y","Y","Y","Y","Y",0,0,0,0,0,0,0,"Y","Y","Y","Y","Y","Y","Y","Y",0,0,0,0,0,0,0,0,0,0,0,0,0,0
"PO","Portable Oscilloscopes","for Test Tool Basics","Portable Oscilloscopes for Test Tool Basics","Y","Y","Y","Y","Y","Y","Y","Y","Y","Y","Y","Y","Y","Y","Y","Y","Y","Y","Y","Y","Y","Y","Y","Y","Y","Y","Y","Y","Y",0,0,0,0,0,0,0,"Y","Y","Y","Y","Y","Y","Y","Y",0,0,0,0,0,0,0,0,0,0,0,0,0,0
"Proc","Process tools","for Test Tool Basics","Process tools for Test Tool Basics","Y","Y","Y","Y","Y","Y","Y","Y","Y","Y","Y","Y","Y","Y","Y","Y","Y","Y","Y","Y","Y","Y","Y","Y","Y","Y","Y","Y","Y",0,0,0,0,0,0,0,"Y","Y","Y","Y","Y","Y","Y","Y",0,0,0,0,0,0,0,0,0,0,0,0,0,0
"Wire","Wireless Test Tools","for Test Tool Basics","Wireless Test Tools for Test Tool Basics","Y","Y","Y","Y","Y","Y","Y","Y","Y","Y","Y","Y","Y","Y","Y","Y","Y","Y","Y","Y","Y","Y","Y","Y","Y","Y","Y","Y","Y",0,0,0,0,0,0,0,"Y","Y","Y","Y","Y","Y","Y","Y",0,0,0,0,0,0,0,0,0,0,0,0,0,0
"Trade","Tradeshows and seminars",,"Tradeshows and seminars","Y","Y","Y","Y","Y","Y","Y","Y","Y","Y","Y","Y","Y","Y","Y","Y","Y","Y","Y","Y","Y","Y","Y","Y","Y","Y","Y","Y","Y","Y","Y","Y","Y","Y","Y","Y","Y","Y","Y","Y","Y","Y","Y","Y","Y","Y","Y","Y","Y","Y","Y","Y","Y","Y","Y","Y","Y","Y"
"Library","Training library",,"Training library","Y","Y","Y","Y","Y","Y","Y","Y","Y","Y","Y","Y","Y","Y","Y","Y","Y","Y","Y","Y","Y","Y","Y","Y","Y","Y","Y","Y","Y","Y","Y","Y","Y","Y","Y","Y","Y","Y","Y","Y","Y","Y","Y","Y",0,0,"Y","Y","Y","Y","Y","Y","Y","Y","Y","Y","Y","Y"
"Webinars","Webinars",,"Webinars","Y","Y","Y","Y","Y","Y","Y","Y","Y","Y","Y","Y","Y","Y",0,0,0,0,0,0,0,0,0,0,0,0,0,0,0,0,0,0,0,0,0,0,0,0,0,0,0,0,0,0,0,0,0,0,0,0,0,0,0,0,0,0,0,0
"Support","Support",,"Support","Y","Y","Y","Y","Y","Y","Y","Y","Y","Y","Y","Y","Y","Y","Y","Y","Y","Y","Y","Y","Y","Y","Y","Y","Y","Y","Y","Y","Y","Y","Y","Y","Y","Y","Y","Y","Y","Y","Y","Y","Y","Y","Y","Y","Y","Y","Y","Y","Y","Y","Y","Y","Y","Y","Y","Y","Y","Y"
"About","About us",,"About us","Y","Y","Y","Y","Y","Y","Y","Y","Y","Y","Y","Y","Y","Y","Y","Y","Y","Y","Y","Y","Y","Y","Y","Y","Y","Y","Y","Y","Y","Y","Y","Y","Y","Y","Y","Y","Y","Y","Y","Y","Y","Y","Y","Y","Y","Y","Y","Y","Y","Y","Y","Y","Y","Y","Y","Y","Y","Y"
"Careers","Careers",,"Careers","Y","Y","Y","Y","Y","Y","Y","Y","Y","Y","Y","Y","Y","Y","Y","Y","Y","Y","Y","Y","Y","Y","Y","Y","Y","Y","Y","Y","Y","Y","Y","Y","Y","Y","Y","Y","Y","Y","Y","Y","Y","Y","Y","Y","Y","Y","Y","Y","Y","Y","Y","Y","Y","Y","Y","Y","Y","Y"
"Comp","Companies",,"Companies","Y","Y","Y","Y","Y","Y","Y","Y","Y","Y","Y","Y","Y","Y","Y","Y","Y","Y","Y","Y","Y","Y","Y","Y","Y","Y","Y","Y","Y","Y","Y","Y","Y","Y","Y","Y","Y","Y","Y","Y","Y","Y","Y","Y","Y","Y","Y","Y","Y","Y","Y","Y","Y","Y","Y","Y","Y","Y"
"Contact","Contact us",,"Contact us","Y","Y","Y","Y","Y","Y","Y","Y","Y","Y","Y","Y","Y","Y","Y","Y","Y","Y","Y","Y","Y","Y","Y","Y","Y","Y","Y","Y","Y","Y","Y","Y","Y","Y","Y","Y","Y","Y","Y","Y","Y","Y","Y","Y","Y","Y","Y","Y","Y","Y","Y","Y","Y","Y","Y","Y","Y","Y"
"Corp","Corporate profile",,"Corporate profile","Y","Y","Y","Y","Y","Y","Y","Y","Y","Y","Y","Y","Y","Y","Y","Y","Y","Y","Y","Y","Y","Y","Y","Y","Y","Y","Y","Y","Y","Y","Y","Y","Y","Y","Y","Y","Y","Y","Y","Y","Y","Y","Y","Y","Y","Y","Y","Y","Y","Y","Y","Y","Y","Y","Y","Y","Y","Y"
"Dir","Directions",,"Directions","Y","Y","Y","Y","Y","Y","Y","Y",0,"Y",0,0,0,0,0,0,0,0,0,0,0,0,0,0,0,"Y",0,0,0,0,"Y","Y","Y","Y","Y","Y","Y",0,0,0,0,0,0,"Y",0,"Y",0,0,0,0,0,0,0,0,0,0,0,0
"Int","Integrity",,"Integrity","Y","Y","Y","Y","Y","Y","Y","Y","Y","Y","Y","Y","Y","Y","Y","Y","Y","Y","Y","Y","Y","Y","Y","Y","Y","Y","Y","Y","Y","Y","Y","Y","Y","Y","Y","Y","Y","Y","Y","Y","Y","Y","Y","Y","Y","Y","Y","Y","Y","Y","Y","Y","Y","Y","Y","Y","Y","Y"
"CHINA","After sales service and repair - CHINA",,"After sales service and repair - CHINA",,,,,,,,,,,,,,,,,,,,,,,,,,,,,,,,,,,,,,,,,,,,,,,,,,,,,,,,,,"Y"
"CHINA","Repair - CHINA",,"Repair - CHINA",,,,,,,,,,,,,,,,,,,,,,,,,,,,,,,,,,,,,,,,,,,,,,,,,,,,,,,,,,"Y"
"CHINA","Warranties - CHINA",,"Warranties - CHINA",,,,,,,,,,,,,,,,,,,,,,,,,,,,,,,,,,,,,,,,,,,,,,,,,,,,,,,,,,"Y"
"CHINA","Warranties extension service",,"Warranties extension service",,,,,,,,,,,,,,,,,,,,,,,,,,,,,,,,,,,,,,,,,,,,,,,,,,,,,,,,,,"Y"
"CHINA","Ask for a price or request a demo - CHINA",,"Ask for a price or request a demo - CHINA",,,,,,,,,,,,,,,,,,,,,,,,,,,,,,,,,,,,,,,,,,,,,,,,,,,,,,,,,,"Y"
"CHINA","Authorized dealers search - CHINA",,"Authorized dealers search - CHINA",,,,,,,,,,,,,,,,,,,,,,,,,,,,,,,,,,,,,,,,,,,,,,,,,,,,,,,,,,"Y"
"CHINA","Authorized Projects search - CHINA",,"Authorized Projects search - CHINA",,,,,,,,,,,,,,,,,,,,,,,,,,,,,,,,,,,,,,,,,,,,,,,,,,,,,,,,,,"Y"
"Cal","Calibration services",,"Calibration services","Y","Y","Y","Y","Y","Y","Y","Y","Y","Y","Y","Y","Y","Y","Y","Y","Y","Y","Y","Y","Y","Y","Y","Y","Y","Y","Y","Y","Y","Y","Y","Y","Y","Y","Y","Y","Y","Y","Y","Y","Y","Y","Y","Y","Y","Y","Y","Y","Y","Y","Y","Y","Y","Y","Y","Y","Y","Y"
"IS","Instrument security",,"Instrument security","Y",0,0,0,0,0,0,0,0,0,0,0,0,0,0,0,0,0,0,0,0,0,0,0,0,0,0,0,0,0,0,0,0,0,0,0,0,0,0,0,0,0,0,0,0,0,0,0,0,0,0,0,0,0,0,0,0,0
"Man","Manuals",,"Manuals","Y","Y","Y","Y","Y","Y","Y","Y","Y","Y","Y","Y","Y","Y","Y","Y","Y","Y","Y","Y","Y","Y","Y","Y","Y","Y","Y","Y","Y","Y","Y","Y","Y","Y","Y","Y","Y","Y","Y","Y","Y","Y","Y","Y","Y","Y","Y","Y","Y","Y","Y","Y","Y","Y","Y","Y","Y","Y"
"PR","Press releases",,"Press releases","Y","Y","Y","Y","Y","Y","Y","Y","Y","Y","Y","Y","Y","Y","Y","Y","Y","Y","Y","Y","Y","Y","Y","Y","Y","Y","Y","Y","Y","Y","Y","Y","Y","Y","Y","Y","Y","Y","Y","Y","Y","Y","Y","Y","Y","Y","Y","Y","Y","Y","Y","Y","Y","Y","Y","Y","Y","Y"
"ProdReg","Product registration",,"Product registration","Y","Y","Y","Y","Y","Y","Y","Y","Y","Y","Y","Y","Y","Y","Y","Y","Y","Y","Y","Y","Y","Y","Y","Y","Y","Y","Y","Y","Y","Y","Y","Y","Y","Y","Y","Y","Y","Y","Y","Y","Y","Y","Y","Y","Y","Y","Y","Y","Y","Y","Y","Y","Y","Y","Y","Y","Y","Y"
"Recycle","Recycle program",,"Recycle program",,,,,,,,,,,,"Y","Y","Y",,,,,,,,,,,,,,,"Y",,,,,,,,"Y","Y","Y","Y","Y","Y","Y",,,,"Y","Y","Y","Y","Y","Y","Y","Y","Y","Y","Y","nnnn"
"Repair","Repair",,"Repair","Y","Y","Y","Y","Y","Y","Y","Y","Y","Y","Y","Y","Y","Y","Y","Y","Y","Y","Y","Y","Y","Y","Y","Y","Y","Y","Y","Y","Y","Y","Y","Y","Y","Y","Y","Y","Y","Y","Y","Y","Y","Y","Y","Y","Y","Y","Y","Y","Y","Y","Y","Y","Y","Y","Y","Y","Y","nnnn"
"RMA","Return materials authorization",,"Return materials authorization","Y","Y","Y","Y","Y","Y","Y","Y","Y","Y","Y","Y","Y","Y","Y","Y","Y","Y","Y","Y","Y","Y","Y","Y","Y","Y","Y","Y","Y","Y","Y","Y","Y","Y","Y","Y","Y","Y","Y","Y","Y","Y","Y","Y","Y","Y","Y","Y","Y","Y","Y","Y","Y","Y","Y","Y","Y","Y"
"Safety","Safety notices",,"Safety notices","Y","Y","Y","Y","Y","Y","Y","Y","Y","Y","Y","Y","Y","Y","Y","Y","Y","Y","Y","Y","Y","Y","Y","Y","Y","Y","Y","Y","Y","Y","Y","Y","Y","Y","Y","Y","Y","Y","Y","Y","Y","Y","Y","Y","Y","Y","Y","Y","Y","Y","Y","Y","Y","Y","Y","Y","Y","Y"
"Svc","Service center locations",,"Service center locations","Y","Y","Y","Y","Y","Y","Y","Y","Y","Y","Y","Y","Y","Y","Y","Y","Y","Y","Y","Y","Y","Y","Y","Y","Y","Y","Y","Y","Y","Y","Y","Y","Y","Y","Y","Y","Y","Y","Y","Y","Y","Y","Y","Y","Y","Y","Y","Y","Y","Y","Y","Y","Y","Y","Y","Y","Y","Y"
"Soft","Software downloads",,"Software downloads","Y","Y","Y","Y","Y","Y","Y","Y","Y","Y","Y","Y","Y","Y","Y","Y","Y","Y","Y","Y","Y","Y","Y","Y","Y","Y","Y","Y","Y","Y","Y","Y","Y","Y","Y","Y","Y","Y","Y","Y","Y","Y","Y","Y","Y","Y","Y","Y","Y","Y","Y","Y","Y","Y","Y","Y","Y","Y"
"Tech","Technical support",,"Technical support","Y",0,0,0,0,0,0,0,0,0,"Y","Y","Y","Y",0,0,0,0,0,0,0,0,0,0,0,0,0,0,0,"Y",0,0,0,0,0,0,"Y","Y","Y","Y","Y","Y","Y",0,"Y",0,"Y","Y","Y","Y","Y","Y","Y","Y","Y","Y","Y","Y"
"Warr","Warranties",,"Warranties","Y","Y","Y","Y","Y","Y","Y","Y","Y","Y","Y","Y","Y","Y","Y","Y","Y","Y","Y","Y","Y","Y","Y","Y","Y","Y","Y","Y","Y","Y","Y","Y","Y","Y","Y","Y","Y","Y","Y","Y","Y","Y","Y","Y","Y","Y","Y","Y","Y","Y","Y","Y","Y","Y","Y","Y","Y","nnnn"
"Quote","Request a quote",,"Service quote request",0,0,0,0,0,0,0,0,0,0,0,0,0,"Y",0,0,0,0,0,0,0,0,0,0,0,0,0,0,0,0,0,0,0,0,0,0,"Y",0,0,0,0,0,0,0,0,0,"Y",0,0,0,0,0,0,0,0,0,0,0
"WTB","Where to buy",,"Where to buy","Y","Y","Y","Y","Y","Y","Y","Y","Y","Y","Y","Y","Y","Y","Y","Y","Y","Y","Y","Y","Y","Y","Y","Y","Y","Y","Y","Y","Y","Y","Y",,"Y","Y","Y","Y","Y","Y","Y","Y","Y","Y","Y","Y","Y","Y","Y","Y","Y","Y","Y","Y","Y","Y","Y",,"Y",
,"Buy Fluke accessories",,"Buy Fluke accessories","Y",,,,,,,,,,,,,,,,,,,,,,,,,"Y",,,,,,,,,,,,,,,,,,,,,,,,,,,,,,,,
,"Buy factory reconditioned",,"Buy factory reconditioned","Y",,,,,,,,,,,,,,,,,,,,,,,,,"Y",,,,,,,,,,,,,,,,,,,,,,,,,,,,,,,,
,"Test tools catalog",,"Test tools catalog",,,,,,,,,,,,,,,,,,,,,,,,,,,,,,,,,,,,,,,,,,,,,,,,,,,,,,,,,,
,"Fluke Condition Monitoring",,"Fluke Condition Monitoring","Y","N","N","N","N","N","N","N","N","N","N","N","N","N","N","N","N","N","N","N","N","N","N","N","N","N","N","N","N","N","N","N","N","N","N","N","N","N","N","N","N","N","N","N","N","N","N","N","N","N","N","N","N","N","N","N","N","N"
,"Fluke Education Partnership Program- non-US",,"Fluke Education Partnership Program- non-US",,"Y","Y","Y","Y","Y","Y","Y","Y","Y","Y","Y",,"Y","Y","Y","Y","Y","Y","Y","Y","Y","Y","Y","Y","Y","Y","Y",,,"Y","Y",,"Y","Y","Y","Y","Y","Y","Y",,"Y","Y","Y",,"Y","Y","Y","Y","Y",,,"Y","Y","Y",,"Y",
,"Fluke Connect SmartView",,"Fluke SmartView","Y","Y","Y","Y","Y","Y","Y","Y","Y","Y","Y","Y","Y","Y","Y","Y","Y","Y","Y","Y","Y","Y","Y","Y","Y","Y","Y","Y","Y","Y","Y","Y","Y","Y","Y","Y","Y","Y","Y","Y","Y","Y","Y","Y","Y","Y","Y","Y","Y","Y","Y","Y","Y","Y","Y","Y","Y","Y"
,"Fluke Platinum Distributors",,"Fluke platinum technical distributors",,,,,,,,,,,,"Y","Y","Y",,,,,,,,,,,,,,,"Y",,,,,,,,"Y","Y","Y","Y",,"Y","Y",,"Y",,"Y","Y","Y","Y","Y","Y","Y","Y","Y",,,
,"Fluke Tools",,"Fluke tools","N","N","N","N","N","N","N","N","N","N","N","N","N","N","N","N","N","N","N","N","N","N","N","N","N","N","N","N","N","N","N","N","N","N","N","N","N","N","N","N","N","N","N","N","N","N","N","N","N","N","N","N","N","N","N","N","N","N"
,"Firmware downloads",,"Firmware downloads","N","N","N","N","N","N","N","N","N","N","N","N","N","N","N","N","N","N","N","N","N","N","N","N","N","N","N","N","N","N","N","N","N","N","N","N","N","N","N","N","N","N","N","N","N","N","N","N","N","N","N","N","N","N","N","N","N","N"
,"Fluke view forms",,"Fluke view forms","N","N","N","N","N","N","N","N","N","N","N","N","N","N","N","N","N","N","N","N","N","N","N","N","N","N","N","N","N","N","N","N","N","N","N","N","N","N","N","N","N","N","N","N","N","N","N","N","N","N","N","N","N","N","N","N","N","N"
,"Sitemap",,"Site map","Y","Y","Y","Y","Y","Y","Y","Y","Y","Y","Y","Y","Y","Y","Y","Y","Y","Y","Y","Y","Y","Y","Y","Y","Y","Y","Y","Y","Y","Y","Y","Y","Y","Y","Y","Y","Y","Y","Y","Y","Y","Y","Y","Y","Y","Y","Y","Y","Y","Y","Y","Y","Y","Y","Y","Y","Y","Y"
,,,"Macro lenses","Y","Y","Y","Y","Y","Y","Y","Y","Y","Y","Y","Y","Y","Y","Y","Y","Y","Y","Y","Y","Y","Y","Y","Y","Y","Y","Y","Y","Y","Y","Y","Y","Y","Y","Y","Y","Y","Y","Y","Y","Y","Y","Y","Y","Y","Y","Y","Y","Y","Y","Y","Y","Y","Y","Y","Y","Y","Y"
,,,"Telephoto lenses","Y","Y","Y","Y","Y","Y","Y","Y","Y","Y","Y","Y","Y","Y","Y","Y","Y","Y","Y","Y","Y","Y","Y","Y","Y","Y","Y","Y","Y","Y","Y","Y","Y","Y","Y","Y","Y","Y","Y","Y","Y","Y","Y","Y","Y","Y","Y","Y","Y","Y","Y","Y","Y","Y","Y","Y","Y","Y"
,,,"Wide angle lenses","Y","Y","Y","Y","Y","Y","Y","Y","Y","Y","Y","Y","Y","Y","Y","Y","Y","Y","Y","Y","Y","Y","Y","Y","Y","Y","Y","Y","Y","Y","Y","Y","Y","Y","Y","Y","Y","Y","Y","Y","Y","Y","Y","Y","Y","Y","Y","Y","Y","Y","Y","Y","Y","Y","Y","Y","Y","Y"
,,,"Legacy Products",,,,,,,,,,,,,,,,,,,,,,,,,,,,,,,,,,,,,,,,,,,,,,,,,,,,,,,,,,"Y"
,,,"Warranties extension service- CHINA",,,,,,,,,,,,,,,,,,,,,,,,,,,,,,,,,,,,,,,,,,,,,,,,,,,,,,,,,,"Y"
,,,"After sales service and repair- CHINA",,,,,,,,,,,,,,,,,,,,,,,,,,,,,,,,,,,,,,,,,,,,,,,,,,,,,,,,,,"Y"
,,,"Repair- CHINA",,,,,,,,,,,,,,,,,,,,,,,,,,,,,,,,,,,,,,,,,,,,,,,,,,,,,,,,,,"Y"
,,,"Warranties- CHINA",,,,,,,,,,,,,,,,,,,,,,,,,,,,,,,,,,,,,,,,,,,,,,,,,,,,,,,,,,"Y"
,,,"Warranties extension service- CHINA",,,,,,,,,,,,,,,,,,,,,,,,,,,,,,,,,,,,,,,,,,,,,,,,,,,,,,,,,,"Y"
